INSERT INTO SHIPPING_ZONE(shipping_zone_id, description, delivery_time, shipping_cost) VALUES('NW','Northwest',3,70);
INSERT INTO SHIPPING_ZONE(shipping_zone_id, description, delivery_time, shipping_cost) VALUES('NT','North',2,60);
INSERT INTO SHIPPING_ZONE(shipping_zone_id, description, delivery_time, shipping_cost) VALUES('NE','Northeast',2,60);
INSERT INTO SHIPPING_ZONE(shipping_zone_id, description, delivery_time, shipping_cost) VALUES('EA','East',1,40);
INSERT INTO SHIPPING_ZONE(shipping_zone_id, description, delivery_time, shipping_cost) VALUES('SE','Southeast',2,60);
INSERT INTO SHIPPING_ZONE(shipping_zone_id, description, delivery_time, shipping_cost) VALUES('ST','South',1,40);
INSERT INTO SHIPPING_ZONE(shipping_zone_id, description, delivery_time, shipping_cost) VALUES('SW','Southwest',1,40);
INSERT INTO SHIPPING_ZONE(shipping_zone_id, description, delivery_time, shipping_cost) VALUES('WT','West',1,40);
INSERT INTO SHIPPING_ZONE(shipping_zone_id, description, delivery_time, shipping_cost) VALUES('CT','Central',1,0);

INSERT INTO STATE(state_id, description, shipping_zone_id) VALUES(1,'Aguascalientes','CT');
INSERT INTO STATE(state_id, description, shipping_zone_id) VALUES(2,'Baja California','NW');
INSERT INTO STATE(state_id, description, shipping_zone_id) VALUES(3,'Baja California Sur','NW');
INSERT INTO STATE(state_id, description, shipping_zone_id) VALUES(4,'Campeche','SE');
INSERT INTO STATE(state_id, description, shipping_zone_id) VALUES(5,'Coahuila de Zaragoza','NT');
INSERT INTO STATE(state_id, description, shipping_zone_id) VALUES(6,'Colima','EA');
INSERT INTO STATE(state_id, description, shipping_zone_id) VALUES(7,'Chiapas','ST');
INSERT INTO STATE(state_id, description, shipping_zone_id) VALUES(8,'Chihuahua','NT');
INSERT INTO STATE(state_id, description, shipping_zone_id) VALUES(9,'Distrito Federal','CT');
INSERT INTO STATE(state_id, description, shipping_zone_id) VALUES(10,'Durango','NT');
INSERT INTO STATE(state_id, description, shipping_zone_id) VALUES(11,'Guanajuato','CT');
INSERT INTO STATE(state_id, description, shipping_zone_id) VALUES(12,'Guerrero','SW');
INSERT INTO STATE(state_id, description, shipping_zone_id) VALUES(13,'Hidalgo','CT');
INSERT INTO STATE(state_id, description, shipping_zone_id) VALUES(14,'Jalisco','WT');
INSERT INTO STATE(state_id, description, shipping_zone_id) VALUES(15,'México','CT');
INSERT INTO STATE(state_id, description, shipping_zone_id) VALUES(16,'Michoacán de Ocampo','WT');
INSERT INTO STATE(state_id, description, shipping_zone_id) VALUES(17,'Morelos','CT');
INSERT INTO STATE(state_id, description, shipping_zone_id) VALUES(18,'Nayarit','WT');
INSERT INTO STATE(state_id, description, shipping_zone_id) VALUES(19,'Nuevo León','NE');
INSERT INTO STATE(state_id, description, shipping_zone_id) VALUES(20,'Oaxaca','ST');
INSERT INTO STATE(state_id, description, shipping_zone_id) VALUES(21,'Puebla','CT');
INSERT INTO STATE(state_id, description, shipping_zone_id) VALUES(22,'Querétaro','CT');
INSERT INTO STATE(state_id, description, shipping_zone_id) VALUES(23,'Quintana Roo','SE');
INSERT INTO STATE(state_id, description, shipping_zone_id) VALUES(24,'San Luis Potosí','CT');
INSERT INTO STATE(state_id, description, shipping_zone_id) VALUES(25,'Sinaloa','WT');
INSERT INTO STATE(state_id, description, shipping_zone_id) VALUES(26,'Sonora','NW');
INSERT INTO STATE(state_id, description, shipping_zone_id) VALUES(27,'Tabasco','SE');
INSERT INTO STATE(state_id, description, shipping_zone_id) VALUES(28,'Tamaulipas','NE');
INSERT INTO STATE(state_id, description, shipping_zone_id) VALUES(29,'Tlaxcala','CT');
INSERT INTO STATE(state_id, description, shipping_zone_id) VALUES(30,'Veracruz de Ignacio de la Llave','EA');
INSERT INTO STATE(state_id, description, shipping_zone_id) VALUES(31,'Yucatán','SE');
INSERT INTO STATE(state_id, description, shipping_zone_id) VALUES(32,'Zacatecas','CT');

INSERT INTO CITY(city_id, description, state_id) VALUES(1,'Aguascalientes',1);
INSERT INTO CITY(city_id, description, state_id) VALUES(2,'Asientos',1);
INSERT INTO CITY(city_id, description, state_id) VALUES(3,'Calvillo',1);
INSERT INTO CITY(city_id, description, state_id) VALUES(4,'Cosío',1);
INSERT INTO CITY(city_id, description, state_id) VALUES(5,'Jesús María',1);
INSERT INTO CITY(city_id, description, state_id) VALUES(6,'Pabellón de Arteaga',1);
INSERT INTO CITY(city_id, description, state_id) VALUES(7,'Rincón de Romos',1);
INSERT INTO CITY(city_id, description, state_id) VALUES(8,'San José de Gracia',1);
INSERT INTO CITY(city_id, description, state_id) VALUES(9,'Tepezalá',1);
INSERT INTO CITY(city_id, description, state_id) VALUES(10,'El Llano',1);
INSERT INTO CITY(city_id, description, state_id) VALUES(11,'San Francisco de los Romo',1);
INSERT INTO CITY(city_id, description, state_id) VALUES(12,'Ensenada',2);
INSERT INTO CITY(city_id, description, state_id) VALUES(13,'Mexicali',2);
INSERT INTO CITY(city_id, description, state_id) VALUES(14,'Tecate',2);
INSERT INTO CITY(city_id, description, state_id) VALUES(15,'Tijuana',2);
INSERT INTO CITY(city_id, description, state_id) VALUES(16,'Playas de Rosarito',2);
INSERT INTO CITY(city_id, description, state_id) VALUES(17,'Comondú',3);
INSERT INTO CITY(city_id, description, state_id) VALUES(18,'Mulegé',3);
INSERT INTO CITY(city_id, description, state_id) VALUES(19,'La Paz',3);
INSERT INTO CITY(city_id, description, state_id) VALUES(20,'Los Cabos',3);
INSERT INTO CITY(city_id, description, state_id) VALUES(21,'Loreto',3);
INSERT INTO CITY(city_id, description, state_id) VALUES(22,'Armería',6);
INSERT INTO CITY(city_id, description, state_id) VALUES(23,'Colima',6);
INSERT INTO CITY(city_id, description, state_id) VALUES(24,'Comala',6);
INSERT INTO CITY(city_id, description, state_id) VALUES(25,'Coquimatlán',6);
INSERT INTO CITY(city_id, description, state_id) VALUES(26,'Cuauhtémoc',6);
INSERT INTO CITY(city_id, description, state_id) VALUES(27,'Ixtlahuacán',6);
INSERT INTO CITY(city_id, description, state_id) VALUES(28,'Manzanillo',6);
INSERT INTO CITY(city_id, description, state_id) VALUES(29,'Minatitlán',6);
INSERT INTO CITY(city_id, description, state_id) VALUES(30,'Tecomán',6);
INSERT INTO CITY(city_id, description, state_id) VALUES(31,'Villa de Álvarez',6);
INSERT INTO CITY(city_id, description, state_id) VALUES(32,'Azcapotzalco',9);
INSERT INTO CITY(city_id, description, state_id) VALUES(33,'Coyoacán',9);
INSERT INTO CITY(city_id, description, state_id) VALUES(34,'Cuajimalpa de Morelos',9);
INSERT INTO CITY(city_id, description, state_id) VALUES(35,'Gustavo A. Madero',9);
INSERT INTO CITY(city_id, description, state_id) VALUES(36,'Iztacalco',9);
INSERT INTO CITY(city_id, description, state_id) VALUES(37,'Iztapalapa',9);
INSERT INTO CITY(city_id, description, state_id) VALUES(38,'La Magdalena Contreras',9);
INSERT INTO CITY(city_id, description, state_id) VALUES(39,'Milpa Alta',9);
INSERT INTO CITY(city_id, description, state_id) VALUES(40,'Álvaro Obregón',9);
INSERT INTO CITY(city_id, description, state_id) VALUES(41,'Tláhuac',9);
INSERT INTO CITY(city_id, description, state_id) VALUES(42,'Tlalpan',9);
INSERT INTO CITY(city_id, description, state_id) VALUES(43,'Xochimilco',9);
INSERT INTO CITY(city_id, description, state_id) VALUES(44,'Benito Juárez',9);
INSERT INTO CITY(city_id, description, state_id) VALUES(45,'Cuauhtémoc',9);
INSERT INTO CITY(city_id, description, state_id) VALUES(46,'Miguel Hidalgo',9);
INSERT INTO CITY(city_id, description, state_id) VALUES(47,'Venustiano Carranza',9);
INSERT INTO CITY(city_id, description, state_id) VALUES(48,'Abasolo',11);
INSERT INTO CITY(city_id, description, state_id) VALUES(49,'Acámbaro',11);
INSERT INTO CITY(city_id, description, state_id) VALUES(50,'San Miguel de Allende',11);
INSERT INTO CITY(city_id, description, state_id) VALUES(51,'Apaseo el Alto',11);
INSERT INTO CITY(city_id, description, state_id) VALUES(52,'Apaseo el Grande',11);
INSERT INTO CITY(city_id, description, state_id) VALUES(53,'Atarjea',11);
INSERT INTO CITY(city_id, description, state_id) VALUES(54,'Celaya',11);
INSERT INTO CITY(city_id, description, state_id) VALUES(55,'Manuel Doblado',11);
INSERT INTO CITY(city_id, description, state_id) VALUES(56,'Acatic',13);
INSERT INTO CITY(city_id, description, state_id) VALUES(57,'Acatlán de Juárez',13);
INSERT INTO CITY(city_id, description, state_id) VALUES(58,'Ahualulco de Mercado',13);
INSERT INTO CITY(city_id, description, state_id) VALUES(59,'Amacueca',13);
INSERT INTO CITY(city_id, description, state_id) VALUES(60,'Amatitán',13);
INSERT INTO CITY(city_id, description, state_id) VALUES(61,'Ameca',13);
INSERT INTO CITY(city_id, description, state_id) VALUES(62,'San Juanito de Escobedo',13);
INSERT INTO CITY(city_id, description, state_id) VALUES(63,'Arandas',13);
INSERT INTO CITY(city_id, description, state_id) VALUES(64,'El Arenal',13);
INSERT INTO CITY(city_id, description, state_id) VALUES(65,'Atemajac de Brizuela',13);
INSERT INTO CITY(city_id, description, state_id) VALUES(66,'Atengo',13);
INSERT INTO CITY(city_id, description, state_id) VALUES(67,'Acambay de Ruíz Castañeda',15);
INSERT INTO CITY(city_id, description, state_id) VALUES(68,'Acolman',15);
INSERT INTO CITY(city_id, description, state_id) VALUES(69,'Aculco',15);
INSERT INTO CITY(city_id, description, state_id) VALUES(70,'Almoloya de Alquisiras',15);
INSERT INTO CITY(city_id, description, state_id) VALUES(71,'Almoloya de Juárez',15);
INSERT INTO CITY(city_id, description, state_id) VALUES(72,'Almoloya del Río',15);
INSERT INTO CITY(city_id, description, state_id) VALUES(73,'Amanalco',15);
INSERT INTO CITY(city_id, description, state_id) VALUES(74,'Amatepec',15);
INSERT INTO CITY(city_id, description, state_id) VALUES(75,'Amecameca',15);
INSERT INTO CITY(city_id, description, state_id) VALUES(76,'Apaxco',15);
INSERT INTO CITY(city_id, description, state_id) VALUES(77,'Atenco',15);
INSERT INTO CITY(city_id, description, state_id) VALUES(78,'Atizapán',15);
INSERT INTO CITY(city_id, description, state_id) VALUES(79,'Atizapán de Zaragoza',15);
INSERT INTO CITY(city_id, description, state_id) VALUES(80,'Atlacomulco',15);
INSERT INTO CITY(city_id, description, state_id) VALUES(81,'Atlautla',15);
INSERT INTO CITY(city_id, description, state_id) VALUES(82,'Axapusco',15);
INSERT INTO CITY(city_id, description, state_id) VALUES(83,'Ayapango',15);
INSERT INTO CITY(city_id, description, state_id) VALUES(84,'Calimaya',15);
INSERT INTO CITY(city_id, description, state_id) VALUES(85,'Capulhuac',15);
INSERT INTO CITY(city_id, description, state_id) VALUES(86,'Amacuzac',17);
INSERT INTO CITY(city_id, description, state_id) VALUES(87,'Atlatlahucan',17);
INSERT INTO CITY(city_id, description, state_id) VALUES(88,'Axochiapan',17);
INSERT INTO CITY(city_id, description, state_id) VALUES(89,'Ayala',17);
INSERT INTO CITY(city_id, description, state_id) VALUES(90,'Coatlán del Río',17);
INSERT INTO CITY(city_id, description, state_id) VALUES(91,'Cuautla',17);
INSERT INTO CITY(city_id, description, state_id) VALUES(92,'Cuernavaca',17);
INSERT INTO CITY(city_id, description, state_id) VALUES(93,'Emiliano Zapata',17);
INSERT INTO CITY(city_id, description, state_id) VALUES(94,'Huitzilac',17);
INSERT INTO CITY(city_id, description, state_id) VALUES(95,'Jantetelco',17);
INSERT INTO CITY(city_id, description, state_id) VALUES(96,'Jiutepec',17);
INSERT INTO CITY(city_id, description, state_id) VALUES(97,'Jojutla',17);
INSERT INTO CITY(city_id, description, state_id) VALUES(98,'Jonacatepec',17);
INSERT INTO CITY(city_id, description, state_id) VALUES(99,'Abasolo',19);
INSERT INTO CITY(city_id, description, state_id) VALUES(100,'Agualeguas',19);
INSERT INTO CITY(city_id, description, state_id) VALUES(101,'Los Aldamas',19);
INSERT INTO CITY(city_id, description, state_id) VALUES(102,'Allende',19);
INSERT INTO CITY(city_id, description, state_id) VALUES(103,'Anáhuac',19);
INSERT INTO CITY(city_id, description, state_id) VALUES(104,'Apodaca',19);
INSERT INTO CITY(city_id, description, state_id) VALUES(105,'Aramberri',19);
INSERT INTO CITY(city_id, description, state_id) VALUES(106,'Bustamante',19);
INSERT INTO CITY(city_id, description, state_id) VALUES(107,'Cadereyta Jiménez',19);
INSERT INTO CITY(city_id, description, state_id) VALUES(108,'El Carmen',19);
INSERT INTO CITY(city_id, description, state_id) VALUES(109,'Cerralvo',19);
INSERT INTO CITY(city_id, description, state_id) VALUES(110,'Ciénega de Flores',19);
INSERT INTO CITY(city_id, description, state_id) VALUES(111,'China',19);
INSERT INTO CITY(city_id, description, state_id) VALUES(112,'Doctor Arroyo',19);
INSERT INTO CITY(city_id, description, state_id) VALUES(113,'Doctor Coss',19);
INSERT INTO CITY(city_id, description, state_id) VALUES(114,'Doctor González',19);
INSERT INTO CITY(city_id, description, state_id) VALUES(115,'Galeana',19);
INSERT INTO CITY(city_id, description, state_id) VALUES(116,'García',19);
INSERT INTO CITY(city_id, description, state_id) VALUES(117,'San Pedro Garza García',19);
INSERT INTO CITY(city_id, description, state_id) VALUES(118,'General Bravo',19);
INSERT INTO CITY(city_id, description, state_id) VALUES(119,'General Escobedo',19);
INSERT INTO CITY(city_id, description, state_id) VALUES(120,'General Terán',19);
INSERT INTO CITY(city_id, description, state_id) VALUES(121,'General Treviño',19);
INSERT INTO CITY(city_id, description, state_id) VALUES(122,'General Zaragoza',19);
INSERT INTO CITY(city_id, description, state_id) VALUES(123,'General Zuazua',19);
INSERT INTO CITY(city_id, description, state_id) VALUES(124,'Guadalupe',19);
INSERT INTO CITY(city_id, description, state_id) VALUES(125,'Los Herreras',19);
INSERT INTO CITY(city_id, description, state_id) VALUES(126,'Higueras',19);
INSERT INTO CITY(city_id, description, state_id) VALUES(127,'Hualahuises',19);
INSERT INTO CITY(city_id, description, state_id) VALUES(128,'Iturbide',19);
INSERT INTO CITY(city_id, description, state_id) VALUES(129,'Juárez',19);
INSERT INTO CITY(city_id, description, state_id) VALUES(130,'Lampazos de Naranjo',19);
INSERT INTO CITY(city_id, description, state_id) VALUES(131,'Linares',19);
INSERT INTO CITY(city_id, description, state_id) VALUES(132,'Marín',19);
INSERT INTO CITY(city_id, description, state_id) VALUES(133,'Melchor Ocampo',19);
INSERT INTO CITY(city_id, description, state_id) VALUES(134,'Mier y Noriega',19);
INSERT INTO CITY(city_id, description, state_id) VALUES(135,'Mina',19);
INSERT INTO CITY(city_id, description, state_id) VALUES(136,'Montemorelos',19);
INSERT INTO CITY(city_id, description, state_id) VALUES(137,'Monterrey',19);
INSERT INTO CITY(city_id, description, state_id) VALUES(138,'Parás',19);
INSERT INTO CITY(city_id, description, state_id) VALUES(139,'Pesquería',19);
INSERT INTO CITY(city_id, description, state_id) VALUES(140,'Los Ramones',19);
INSERT INTO CITY(city_id, description, state_id) VALUES(141,'Rayones',19);
INSERT INTO CITY(city_id, description, state_id) VALUES(142,'Sabinas Hidalgo',19);
INSERT INTO CITY(city_id, description, state_id) VALUES(143,'Salinas Victoria',19);
INSERT INTO CITY(city_id, description, state_id) VALUES(144,'San Nicolás de los Garza',19);
INSERT INTO CITY(city_id, description, state_id) VALUES(145,'Hidalgo',19);
INSERT INTO CITY(city_id, description, state_id) VALUES(146,'Santa Catarina',19);
INSERT INTO CITY(city_id, description, state_id) VALUES(147,'Santiago',19);
INSERT INTO CITY(city_id, description, state_id) VALUES(148,'Vallecillo',19);
INSERT INTO CITY(city_id, description, state_id) VALUES(149,'Villaldama',19);
INSERT INTO CITY(city_id, description, state_id) VALUES(150,'Cozumel',23);
INSERT INTO CITY(city_id, description, state_id) VALUES(151,'Felipe Carrillo Puerto',23);
INSERT INTO CITY(city_id, description, state_id) VALUES(152,'Isla Mujeres',23);
INSERT INTO CITY(city_id, description, state_id) VALUES(153,'Othón P. Blanco',23);
INSERT INTO CITY(city_id, description, state_id) VALUES(154,'Benito Juárez',23);
INSERT INTO CITY(city_id, description, state_id) VALUES(155,'José María Morelos',23);
INSERT INTO CITY(city_id, description, state_id) VALUES(156,'Lázaro Cárdenas',23);
INSERT INTO CITY(city_id, description, state_id) VALUES(157,'Solidaridad',23);
INSERT INTO CITY(city_id, description, state_id) VALUES(158,'Tulum',23);
INSERT INTO CITY(city_id, description, state_id) VALUES(159,'Bacalar',23);
INSERT INTO CITY(city_id, description, state_id) VALUES(160,'Ahome',25);
INSERT INTO CITY(city_id, description, state_id) VALUES(161,'Angostura',25);
INSERT INTO CITY(city_id, description, state_id) VALUES(162,'Badiraguato',25);
INSERT INTO CITY(city_id, description, state_id) VALUES(163,'Concordia',25);
INSERT INTO CITY(city_id, description, state_id) VALUES(164,'Cosalá',25);
INSERT INTO CITY(city_id, description, state_id) VALUES(165,'Culiacán',25);
INSERT INTO CITY(city_id, description, state_id) VALUES(166,'Choix',25);
INSERT INTO CITY(city_id, description, state_id) VALUES(167,'Elota',25);
INSERT INTO CITY(city_id, description, state_id) VALUES(168,'Escuinapa',25);
INSERT INTO CITY(city_id, description, state_id) VALUES(169,'El Fuerte',25);
INSERT INTO CITY(city_id, description, state_id) VALUES(170,'Guasave',25);
INSERT INTO CITY(city_id, description, state_id) VALUES(171,'Mazatlán',25);
INSERT INTO CITY(city_id, description, state_id) VALUES(172,'Mocorito',25);
INSERT INTO CITY(city_id, description, state_id) VALUES(173,'Rosario',25);
INSERT INTO CITY(city_id, description, state_id) VALUES(174,'Salvador Alvarado',25);
INSERT INTO CITY(city_id, description, state_id) VALUES(175,'San Ignacio',25);
INSERT INTO CITY(city_id, description, state_id) VALUES(176,'Sinaloa',25);
INSERT INTO CITY(city_id, description, state_id) VALUES(177,'Navolato',25);
INSERT INTO CITY(city_id, description, state_id) VALUES(178,'Balancán',27);
INSERT INTO CITY(city_id, description, state_id) VALUES(179,'Cárdenas',27);
INSERT INTO CITY(city_id, description, state_id) VALUES(180,'Centla',27);
INSERT INTO CITY(city_id, description, state_id) VALUES(181,'Centro',27);
INSERT INTO CITY(city_id, description, state_id) VALUES(182,'Comalcalco',27);
INSERT INTO CITY(city_id, description, state_id) VALUES(183,'Cunduacán',27);
INSERT INTO CITY(city_id, description, state_id) VALUES(184,'Emiliano Zapata',27);
INSERT INTO CITY(city_id, description, state_id) VALUES(185,'Huimanguillo',27);
INSERT INTO CITY(city_id, description, state_id) VALUES(186,'Jalapa',27);
INSERT INTO CITY(city_id, description, state_id) VALUES(187,'Jalpa de Méndez',27);
INSERT INTO CITY(city_id, description, state_id) VALUES(188,'Jonuta',27);
INSERT INTO CITY(city_id, description, state_id) VALUES(189,'Macuspana',27);
INSERT INTO CITY(city_id, description, state_id) VALUES(190,'Nacajuca',27);
INSERT INTO CITY(city_id, description, state_id) VALUES(191,'Paraíso',27);
INSERT INTO CITY(city_id, description, state_id) VALUES(192,'Tacotalpa',27);
INSERT INTO CITY(city_id, description, state_id) VALUES(193,'Teapa',27);
INSERT INTO CITY(city_id, description, state_id) VALUES(194,'Tenosique',27);
INSERT INTO CITY(city_id, description, state_id) VALUES(195,'Acajete',30);
INSERT INTO CITY(city_id, description, state_id) VALUES(196,'Acatlán',30);
INSERT INTO CITY(city_id, description, state_id) VALUES(197,'Acayucan',30);
INSERT INTO CITY(city_id, description, state_id) VALUES(198,'Actopan',30);
INSERT INTO CITY(city_id, description, state_id) VALUES(199,'Acula',30);
INSERT INTO CITY(city_id, description, state_id) VALUES(200,'Acultzingo',30);
INSERT INTO CITY(city_id, description, state_id) VALUES(201,'Camarón de Tejeda',30);
INSERT INTO CITY(city_id, description, state_id) VALUES(202,'Alpatláhuac',30);
INSERT INTO CITY(city_id, description, state_id) VALUES(203,'Alto Lucero de Gutiérrez Barrios',30);
INSERT INTO CITY(city_id, description, state_id) VALUES(204,'Altotonga',30);
INSERT INTO CITY(city_id, description, state_id) VALUES(205,'Alvarado',30);
INSERT INTO CITY(city_id, description, state_id) VALUES(206,'Amatitlán',30);
INSERT INTO CITY(city_id, description, state_id) VALUES(207,'Naranjos Amatlán',30);
INSERT INTO CITY(city_id, description, state_id) VALUES(208,'Amatlán de los Reyes',30);
INSERT INTO CITY(city_id, description, state_id) VALUES(209,'Apozol',32);
INSERT INTO CITY(city_id, description, state_id) VALUES(210,'Apulco',32);
INSERT INTO CITY(city_id, description, state_id) VALUES(211,'Atolinga',32);
INSERT INTO CITY(city_id, description, state_id) VALUES(212,'Benito Juárez',32);
INSERT INTO CITY(city_id, description, state_id) VALUES(213,'Calera',32);
INSERT INTO CITY(city_id, description, state_id) VALUES(214,'Cañitas de Felipe Pescador',32);
INSERT INTO CITY(city_id, description, state_id) VALUES(215,'Concepción del Oro',32);
INSERT INTO CITY(city_id, description, state_id) VALUES(216,'Cuauhtémoc',32);
INSERT INTO CITY(city_id, description, state_id) VALUES(217,'Chalchihuites',32);
INSERT INTO CITY(city_id, description, state_id) VALUES(218,'Fresnillo',32);
INSERT INTO CITY(city_id, description, state_id) VALUES(219,'Trinidad García de la Cadena',32);
INSERT INTO CITY(city_id, description, state_id) VALUES(220,'Genaro Codina',32);
INSERT INTO CITY(city_id, description, state_id) VALUES(221,'General Enrique Estrada',32);

INSERT INTO USER_ROLE(user_role_id, description) VALUES('ADM','Admin');
INSERT INTO USER_ROLE(user_role_id, description) VALUES('USR','Registered User');
INSERT INTO USER_ROLE(user_role_id, description) VALUES('ANN','Anonymous');

INSERT INTO USER(username, password, name, user_role_id, active) VALUES('admin','admin','Adminstrator','ADM','S');
INSERT INTO USER(username, password, name, user_role_id, active) VALUES('jorge.gonzalez','jorge.gonzalez','Jorge Gonzalez','USR','S');
INSERT INTO USER(username, password, name, user_role_id, active) VALUES('carlos.fuentes','carlos.fuentes','Carlos Fuentes','USR','S');

INSERT INTO SHIP_TO(ship_to_id, user, name, address, city_id, zip_code, phone, email) VALUES(1,'jorge.gonzalez','Jorge Gonzalez','Ensenada',12,22800,'6461510000','jorge.gonzalezm@softtek.com');
INSERT INTO SHIP_TO(ship_to_id, user, name, address, city_id, zip_code, phone, email) VALUES(2,'jorge.gonzalez','Jorge Gonzalez','Col. Obrera',158,86545,'9371502000','jorge.gonzalezm@softtek.com');
INSERT INTO SHIP_TO(ship_to_id, user, name, address, city_id, zip_code, phone, email) VALUES(3,'carlos.fuentes','Jesus Gonzalez','Fracc. Rosales',54,38140,'4662204000','jesus.gonzalez@yahoo.com');
INSERT INTO SHIP_TO(ship_to_id, user, name, address, city_id, zip_code, phone, email) VALUES(4,'carlos.fuentes','Carlos Fuentes','Col. Intependencia',12,02800,'6461510000','carlos.fuentes@gmail.com');

INSERT INTO UOM(uom_id, description) VALUES('pce','Piece');
INSERT INTO UOM(uom_id, description) VALUES('pkg','Pack');
INSERT INTO UOM(uom_id, description) VALUES('kit','Kit');
INSERT INTO UOM(uom_id, description) VALUES('set','Set');
INSERT INTO UOM(uom_id, description) VALUES('box','Box');

INSERT INTO ITEM(item_id, description, features, uom_id, unit_price, image_path, stock, active) VALUES(1,'LG Diamond Collection™ 2-piece Cooking Pair','LG Diamond Collection™ 2-piece Cooking Pair 6.7CuFt ELECTRIC Double Oven Range 2.2CuFt Over-The-Range Microwave Oven | LDE3037BD, LMHM2237BD','set',15540.5,null,20,'S');
INSERT INTO ITEM(item_id, description, features, uom_id, unit_price, image_path, stock, active) VALUES(2,'Equator-Midea 1.0CuFt Ice Maker','Rapid Ice, Stainless Steel Door, Reversible Door','pce',5400,null,20,'S');
INSERT INTO ITEM(item_id, description, features, uom_id, unit_price, image_path, stock, active) VALUES(3,'Holmes 36" Drum Fan','36” Blade Diameter, 1/2 HP, Direct Driven Motor, 3 Speed Settings and Cord Wrap','pce',809.99,null,20,'S');
INSERT INTO ITEM(item_id, description, features, uom_id, unit_price, image_path, stock, active) VALUES(4,'Dyson Cinetic™ Animal Canister Vacuum','Whole Machine HEPA Filtration, No Dirty Filters to Wash, Includes Tangle Free Turbine, Multi Angle Brush, Mattress Tool, Combination Brush Tool, Stair Tool, Accessory Bag','pce',1500,null,20,'S');
INSERT INTO ITEM(item_id, description, features, uom_id, unit_price, image_path, stock, active) VALUES(5,'Eurodib Lamber Energy Start Electronic Undercounter Dishwash','Drain/Soap/Rinse/Booster Pumps Included, Stainless Steel Construction, Automatic Loading Tank, Integral Tank Filter, Door Opening Safety Device, Security Thermostat','pce',21500,null,20,'S');
INSERT INTO ITEM(item_id, description, features, uom_id, unit_price, image_path, stock, active) VALUES(6,'Bridgestone - Blizzak WS80','The Bridgestone Blizzak WS80 helps you conquer snow and ice with confident traction in winter weather','pce',5000,null,20,'S');
INSERT INTO ITEM(item_id, description, features, uom_id, unit_price, image_path, stock, active) VALUES(7,'Jorgen''s PRO Shine Kit','Includes: GT:20 White Ivory Carnauba Paste Wax, One 4” Round Foam Applicator, Happy Ending Quick Detailer 16 oz. & a Thick Micro-fiber Towel','kit',500,null,20,'S');
INSERT INTO ITEM(item_id, description, features, uom_id, unit_price, image_path, stock, active) VALUES(8,'CR SPOTLESS De-Ionizing Spotless Water System™ Resin Refills 4-pack','2 Refills (4 Measured Bags)','pkg',1200,null,20,'S');
INSERT INTO ITEM(item_id, description, features, uom_id, unit_price, image_path, stock, active) VALUES(9,'Mothers® Interior Car Care','Features: 5-piece','set',250,null,20,'S');
INSERT INTO ITEM(item_id, description, features, uom_id, unit_price, image_path, stock, active) VALUES(10,'Sheepskin Wash and polish Mitt','Thumb design provides greater control and reduces hand fatigue while cleaning','kit',250,null,20,'S');
INSERT INTO ITEM(item_id, description, features, uom_id, unit_price, image_path, stock, active) VALUES(11,'75-piece Hardwood Block Set','16 Different Shapes Hand-sanded for an Extraordinarily Smooth Finish','set',100,null,20,'S');
INSERT INTO ITEM(item_id, description, features, uom_id, unit_price, image_path, stock, active) VALUES(12,'JumpSport® iBounce™ Kids Trampoline Bundle','Bounce Kids Trampoline, Universal Tablet Mount, 3 RompyRoo Educational Exercise Adventure DVD’s.','kit',1207,null,20,'S');
INSERT INTO ITEM(item_id, description, features, uom_id, unit_price, image_path, stock, active) VALUES(13,'Build-A-Bear Workshop® Two $50 Gift E-Cards','Make Your Own Stuffed Animal, Over 400 Worldwide Build-A-Bear Workshops®, Delivered via E-mail','pce',649,null,20,'S');
INSERT INTO ITEM(item_id, description, features, uom_id, unit_price, image_path, stock, active) VALUES(14,'KidKraft Amelia Dollhouse','For Ages: 3+, Includes 14 Pieces Of Doll Furniture, Multiple Children Can Play At Once','kit',1350,null,20,'S');
INSERT INTO ITEM(item_id, description, features, uom_id, unit_price, image_path, stock, active) VALUES(15,'KidKraft Lil'' Owl Doll Furniture','For Ages: 3+, High Chair, Crib That Rocks Back & Forth, Accommodates Dolls Up To 18\" Tall','kit',1019,null,20,'S');
INSERT INTO ITEM(item_id, description, features, uom_id, unit_price, image_path, stock, active) VALUES(16,'Kirkland Signature™ Men''s Tailored Fit Dress Shirt - White','100% Extra-long Staple Cotton, Non-iron, Wrinkle Free, Spread Collar','pce',200,null,20,'S');
INSERT INTO ITEM(item_id, description, features, uom_id, unit_price, image_path, stock, active) VALUES(17,'Jamaica Jaxx™ Men''s Short Sleeve Silk Shirt-Green','100% Silk, Button-Loop Collar, 100% Coconut Buttons','pce',195,null,20,'S');
INSERT INTO ITEM(item_id, description, features, uom_id, unit_price, image_path, stock, active) VALUES(18,'Popatu Girls'' Dress-Blue','Stretch Sleeveless Bodice, Layered Skirt, Machine Washable, Sizes: 2T-7','pce',190,null,20,'S');
INSERT INTO ITEM(item_id, description, features, uom_id, unit_price, image_path, stock, active) VALUES(19,'Mignone Girls'' Long Sleeve Dress-Magenta/Elephant','Long Sleeve Pullover Dress, Rhinestud Embellishment, Machine Washable, Sizes: 3T-8','set',161,null,20,'S');
INSERT INTO ITEM(item_id, description, features, uom_id, unit_price, image_path, stock, active) VALUES(20,'Midnight by Carole Hochman 2-Piece Pajama Set-Plum','Relaxed Fit, Satin Trimmed Button Front Neckline and Cuffs, Elastic Waistband','set',230,null,20,'S');
INSERT INTO ITEM(item_id, description, features, uom_id, unit_price, image_path, stock, active) VALUES(21,'Acer Aspire E5 Laptop | Intel Core i5 | Windows 8.1','HD Webcam with Digital Microphone, Bluetooth 4.0','pce',5500,null,20,'S');
INSERT INTO ITEM(item_id, description, features, uom_id, unit_price, image_path, stock, active) VALUES(22,'HP Pavilion 15t Laptop | Intel Core i7 | Windows 10','HP Pavilion 15t Laptop | Backlit Keyboard | 1080p | Office 365 Personal | 2 speakers, 802.11ac WLAN and Bluetooth, HP TrueVision HD Webcam with Integrated Dual Digital Microphone','pce',9200,null,20,'S');
INSERT INTO ITEM(item_id, description, features, uom_id, unit_price, image_path, stock, active) VALUES(23,'HP Officejet Pro 6835 e-All-in-One Color Inkjet Printer','Print/Copy/Scan/Fax, HP ePrint capability, HP thermal inkjet, standard built-in-WiFi - 802.11 b/g/n and ENERGY STAR® qualified (**network adaptor sold separately)','pce',1300,null,20,'S');
INSERT INTO ITEM(item_id, description, features, uom_id, unit_price, image_path, stock, active) VALUES(24,'WD My Passport® Ultra™ 2TB USB 3.0/USB 2.0 Hard Drive','Ultra-fast USB 3.0 Interface, Password Protection & Hardware Encryption, 3-year Warranty','pce',540,null,20,'S');
INSERT INTO ITEM(item_id, description, features, uom_id, unit_price, image_path, stock, active) VALUES(25,'Microsoft Designer Desktop Keyboard and Mouse Bundle','Ultrathin and modern design complements your desktop, Clutter-free and reliable experience utilizing the latest in Bluetooth 4.0 technology, Combines the power of optical with the precision','pce',750,null,20,'S');
INSERT INTO ITEM(item_id, description, features, uom_id, unit_price, image_path, stock, active) VALUES(26,'Samsung 78" Class (78.0" Diag.) 4K Ultra HD Smart Curved LED','Clear Motion Rate 240, UHD Upscaling and Dimming, Built-in Wi-fi with Full Web Browser, Quad Core Processor, Precision Black','pce',65400,null,20,'S');
INSERT INTO ITEM(item_id, description, features, uom_id, unit_price, image_path, stock, active) VALUES(27,'Canon EOS Rebel T5 DSLR Camera 2 Lens Bundle','EF-S18/55 IS II Lens, EF75/300 III Lens, 16 GB SD Card, Camera Bag, EOS Digital Solution Disc & Software Instruction Manual CD','pce',6100,null,20,'S');
INSERT INTO ITEM(item_id, description, features, uom_id, unit_price, image_path, stock, active) VALUES(28,'Q-See 8 Channel HD 1080p Security System with 2TB HDD','6 Outdoor Rated HD 1080p Bullet Cameras, 80'' NV, 3 60'' Cables, 3 100'' Cables, Remote Viewing','kit',6000,null,20,'S');
INSERT INTO ITEM(item_id, description, features, uom_id, unit_price, image_path, stock, active) VALUES(29,'Samsung HW-HM45C 37" 2.1 Bluetooth Soundbar with Subwoofer','HDMI Cable and Optical Cable Included, 290 Watts, 1 HDMI Input and 1 Output, 1 USB Input, 3D Sound Plus','pce',2100,null,20,'S');
INSERT INTO ITEM(item_id, description, features, uom_id, unit_price, image_path, stock, active) VALUES(30,'Roland MFP-1 SuperNATURAL Digital Piano Bundle','Adjustable Bench, Headphones, DP-10 Damper Pedal, Wifi Adapter, Twin Piano Features','pce',9000,null,20,'S');
INSERT INTO ITEM(item_id, description, features, uom_id, unit_price, image_path, stock, active) VALUES(31,'Yarrow Fabric Sectional','Microfiber, Sectional','set',20700,null,20,'S');
INSERT INTO ITEM(item_id, description, features, uom_id, unit_price, image_path, stock, active) VALUES(32,'Parkland 4-piece Queen Bedroom','Bed, 2 Nightstands, Chest','set',21000,null,20,'S');
INSERT INTO ITEM(item_id, description, features, uom_id, unit_price, image_path, stock, active) VALUES(33,'Emery 3-piece Full Bedroom Set - Merlot','Bed, Nightstand and Chest by Virginia House. Handcrafted in the USA','set',23000,null,20,'S');
INSERT INTO ITEM(item_id, description, features, uom_id, unit_price, image_path, stock, active) VALUES(34,'Andover Executive Desk, Credenza with Hutch, File Cabinet and Chair','Executive Desk, Credenza with Hutch, File Cabinet, Chair','set',32500,null,20,'S');
INSERT INTO ITEM(item_id, description, features, uom_id, unit_price, image_path, stock, active) VALUES(35,'Giselle Dining Chair 2-pack','Linen Fabric Dining Chair 2-Pack in Taupe','pkg',1350,null,20,'S');
INSERT INTO ITEM(item_id, description, features, uom_id, unit_price, image_path, stock, active) VALUES(36,'Bloomtastic Mixed Bouquet','Bloomtastic Mixed Bouquet','pce',750,null,20,'S');
INSERT INTO ITEM(item_id, description, features, uom_id, unit_price, image_path, stock, active) VALUES(37,'200 Total Servings of Precooked Red Beans, with Gamma Lid','$ 0.38 cents per servings, Serving Size 1/2 cup, Up to 20 years shelf life, Made in the USA, Net Weight: 17 lbs 10 oz','pce',600,null,20,'S');
INSERT INTO ITEM(item_id, description, features, uom_id, unit_price, image_path, stock, active) VALUES(38,'Vacaville Fruit Company® 103 oz. Dried Fruit & Nut Basket','Kosher Star-K','pce',500,null,20,'S');
INSERT INTO ITEM(item_id, description, features, uom_id, unit_price, image_path, stock, active) VALUES(39,'Kirkland Signature™ Pillow Top Orthopedic Pet Napper','36" x 40" Brown Corduroy, Faux Animal  Patterned Fur Removable Cover is Machine Wash and Tumble Dry','pce',650,null,20,'S');
INSERT INTO ITEM(item_id, description, features, uom_id, unit_price, image_path, stock, active) VALUES(40,'The Original Donut Shop® 180 K-Cup® Packs','180 K-Cups, Medium Roast, 100% Arabica Coffe','pkg',735,null,20,'S');
INSERT INTO ITEM(item_id, description, features, uom_id, unit_price, image_path, stock, active) VALUES(41,'Sentry®Safe 2.0 Cubic Ft. Fire-Safe® with Combo Lock','UL Classified Fire Protection, ETL Verified Water Resistance, Digital Media Protection and Impact Resistance, Pry-resistant Hinge Bar','pce',3500,null,20,'S');
INSERT INTO ITEM(item_id, description, features, uom_id, unit_price, image_path, stock, active) VALUES(42,'Full-Custom Cabinets Made Easy and Affordable by Tuscan Hills Kitchens & Baths','Includes Complimentary Design Service and Digital Photo Measurment Services','set',23000,null,20,'S');
INSERT INTO ITEM(item_id, description, features, uom_id, unit_price, image_path, stock, active) VALUES(43,'Comfort 8SP Electric Towel Warmer and Drying Rack by Ancona','304 Stainless Steel with In-Wall Timer','pce',2400,null,20,'S');
INSERT INTO ITEM(item_id, description, features, uom_id, unit_price, image_path, stock, active) VALUES(44,'Feit PAR38 Reflector LED | 90W Replacement | Uses 17W | 3,000K Soft White | 25,000 Hours | 4-pack','ctual Wattage: 17 Replacement Wattage: 90 Life (Hours): 25,000 Lumens per Watt: 60 Brightness (Lumens): 1035, Base Type: Standard','pkg',750,null,20,'S');
INSERT INTO ITEM(item_id, description, features, uom_id, unit_price, image_path, stock, active) VALUES(45,'Designer Metal Tile By KoreL',' Free Phone Design - Consultation Available','box',1500,null,20,'S');
INSERT INTO ITEM(item_id, description, features, uom_id, unit_price, image_path, stock, active) VALUES(46,'Bed Assist Bar by Medline®','Includes Nylon Storage Pocket','pce',350,null,20,'S');
INSERT INTO ITEM(item_id, description, features, uom_id, unit_price, image_path, stock, active) VALUES(47,'Sultra® Seductress 1" Curl, Wave and Straight Iron With Accessories',' 3 Temperature Settings, ThermaTru™ Ceramic Technology, Flexible 1" Plates, Universal Voltage, 2 Year Warranty','pce',2000,null,20,'S');
INSERT INTO ITEM(item_id, description, features, uom_id, unit_price, image_path, stock, active) VALUES(48,'Tanka Spicy Buffalo Bars 144 Total Bars','$22.50 per Carton.  Spicy Pepper Blend, Buffalo Cranberry Bars. Case of 12 Cartons. 144 Bars Total','pkg',600,null,20,'S');
INSERT INTO ITEM(item_id, description, features, uom_id, unit_price, image_path, stock, active) VALUES(49,'Bed of Nails 4-pc Pillow and Mat Set with Aromatherapy Spray','Set Includes: One Mat, Two Pillows, and One Bottle of Aromatherapy Spray','set',900,null,20,'S');
INSERT INTO ITEM(item_id, description, features, uom_id, unit_price, image_path, stock, active) VALUES(50,'Tampax Pearl Regular 96CT','96CT, Regular absorbency, Unscented, Smooth plastic applicator','box',100,null,20,'S');
INSERT INTO ITEM(item_id, description, features, uom_id, unit_price, image_path, stock, active) VALUES(51,'Jura Impressa Z7 One Touch Espresso Machine','Makes Latte, Macchiato, and Cappuccino at the Touch of a Button, Adjustable Cappuccino Spout, Pre-heating System, Includes Milk Container','pce',22500,null,20,'S');
INSERT INTO ITEM(item_id, description, features, uom_id, unit_price, image_path, stock, active) VALUES(52,'Ninja® Ultima High Speed Blender','1500 Watt, 2.5 HP Motor, Total Crushing Technology, High Speed Cyclone Technology, 10 Speeds Plus Pulse, Includes 3 Pro Ninja Cups and Lids','pce',1950,null,20,'S');
INSERT INTO ITEM(item_id, description, features, uom_id, unit_price, image_path, stock, active) VALUES(53,'Tribest Sedona® Food Dehydrator','9 Clear Natural-colored BPA Free Trays and Mesh Screens, 1 BPA Free Plastic Closed Tray/Divider, Recipe Book, Built-in Timer up to 99 hours, Clear Glass Door, Digital Display','pce',2850,null,20,'S');
INSERT INTO ITEM(item_id, description, features, uom_id, unit_price, image_path, stock, active) VALUES(54,'Stirling Black Hand-Knotted 100% Wool 5'' x 8 Rug','100% Semi-Worsted New Zealand Wool, Hand-Knotted','pce',1730,null,20,'S');
INSERT INTO ITEM(item_id, description, features, uom_id, unit_price, image_path, stock, active) VALUES(55,'Tommy Hilfiger Beach Towels','100% Cotton','pce',420,null,20,'S');
INSERT INTO ITEM(item_id, description, features, uom_id, unit_price, image_path, stock, active) VALUES(56,'Round Brilliant 3.00 ctw VS2 Clarity, I Color Diamond Platinum Five Stone Ring','Available in sizes 5, 6 & 7','pce',10300,null,20,'S');
INSERT INTO ITEM(item_id, description, features, uom_id, unit_price, image_path, stock, active) VALUES(57,'Round Brilliant 1.95 ctw VS2 Clarity, I Color Diamond 14kt White Gold Halo Earrings','Near Colorless, VS2, Round Brilliant, 14kt White Gold','pce',8500,null,20,'S');
INSERT INTO ITEM(item_id, description, features, uom_id, unit_price, image_path, stock, active) VALUES(58,'Italian 18kt Yellow Gold Bracelet','18kt Italian Yellow Gold','pce',17150,null,20,'S');
INSERT INTO ITEM(item_id, description, features, uom_id, unit_price, image_path, stock, active) VALUES(59,'Round Brilliant 22.00 ctw VS2 Clarity, I Color Diamond 18kt White Gold Eternity Strand Necklace','IGI Included','pce',30000,null,20,'S');
INSERT INTO ITEM(item_id, description, features, uom_id, unit_price, image_path, stock, active) VALUES(60,'IWC Ingenieur Men''s Chronograph Watch','Titanium','pce',1300,null,20,'S');
INSERT INTO ITEM(item_id, description, features, uom_id, unit_price, image_path, stock, active) VALUES(61,'uAccept POS with Integrated 8" Touch Screen','8" Capacitive touch screen, Plug ''n Play WiFi/Ethernet connection, multiple payment options, inventory management and tracking','pce',2400,null,20,'S');
INSERT INTO ITEM(item_id, description, features, uom_id, unit_price, image_path, stock, active) VALUES(62,'12-Drawer Mobile Organizer by ECR4Kids','Perfect for Class Room | Home or Office | Four durable casters | Compact size |Steel frame and rails','kit',700,null,20,'S');
INSERT INTO ITEM(item_id, description, features, uom_id, unit_price, image_path, stock, active) VALUES(63,'Pentel 0.7mm Lead Refills, 90ct PEN C27BPHB3K6','Minimum Order Quantity: 2','pkg',50,null,20,'S');
INSERT INTO ITEM(item_id, description, features, uom_id, unit_price, image_path, stock, active) VALUES(64,'Fellowes Manual Comb Binding Machine White','150 Page |Manual |9.81 in','pce',800,null,20,'S');
INSERT INTO ITEM(item_id, description, features, uom_id, unit_price, image_path, stock, active) VALUES(65,'Popcornopolis® Case of 40 - 1.5 oz Single-Serving Snack Assortment: Kettle Corn',' $.73 per Bag |Certified Gluten-Free |Non-GMO Project |Verified |Case of 40-1.5oz bags','pce',250,null,20,'S');
INSERT INTO ITEM(item_id, description, features, uom_id, unit_price, image_path, stock, active) VALUES(66,'Medina 5-piece Fire Chat Set','40,000 BTU Propane Fire Pit with 4 Wrought-Iron Cuddle Chairs with Sunbrella® Fabric Cushions','set',24500,null,20,'S');
INSERT INTO ITEM(item_id, description, features, uom_id, unit_price, image_path, stock, active) VALUES(67,'Nantucket Legacy with Trim, Gate and Wings','Made from premium white vinyl. The look of wood without the maintenance. Note: This unit requires lumber for proper installation (not included) See Details below','set',830,null,20,'S');
INSERT INTO ITEM(item_id, description, features, uom_id, unit_price, image_path, stock, active) VALUES(68,'Kid''s Creations Adventure Mountain Playset - Installation Included','6 Play Decks, 4 Premium Slides, 5 Swing Stations, 2 Rock Walls, Monkey Bar, 2 Sand Boxes, Draw Bridge, Picnic Table and More','set',13200,null,20,'S');
INSERT INTO ITEM(item_id, description, features, uom_id, unit_price, image_path, stock, active) VALUES(69,'Urban Islands Dual Motor Professional Grade Vent Hood by Bull Outdoor Products','1250 CFM Fan, 304 Stainless Steel','pce',21000,null,20,'S');
INSERT INTO ITEM(item_id, description, features, uom_id, unit_price, image_path, stock, active) VALUES(70,'Stainless Steel Pyramid Flame 40,000 BTU Patio Heater','40,000 BTUs, 10'' Diameter Heat Range','pce',3500,null,20,'S');
INSERT INTO ITEM(item_id, description, features, uom_id, unit_price, image_path, stock, active) VALUES(71,'AeroBed Opti-Comfort Queen Air Mattress with Headboard','90% more puncture-resistant, 20% lighter and uses 30% less PVC than standard AeroBed® air mattresses of the same size.','pce',1400,null,20,'S');
INSERT INTO ITEM(item_id, description, features, uom_id, unit_price, image_path, stock, active) VALUES(72,'Lifetime Tamarack 10'' Sit-On-Top Kayak - Lime Green','urable High-density Polyethylene Construction, UV Protected, Stability Chine Rails, Stable Flat Bottom, Paddle Included','pce',3650,null,20,'S');
INSERT INTO ITEM(item_id, description, features, uom_id, unit_price, image_path, stock, active) VALUES(73,'Poolmaster Royal Hawaiian Adjustable Floating Chaise Lounge',' Non-Corrosive Polyform Flotation Arms, All-Weather Fabric','pce',2050,null,20,'S');
INSERT INTO ITEM(item_id, description, features, uom_id, unit_price, image_path, stock, active) VALUES(74,'Caddytek One-click Folding 4 Wheel Golf Push Cart','Available in Red, Lime, Gray or Silver','pce',1500,null,20,'S');
INSERT INTO ITEM(item_id, description, features, uom_id, unit_price, image_path, stock, active) VALUES(75,'Spinner® Blade Indoor Cycle','Iconic Aluminum Frame, 46 lbs Perimeter Weighted Flywheel, Full Commercial Studio Design','pce',16700,null,20,'S');
INSERT INTO ITEM(item_id, description, features, uom_id, unit_price, image_path, stock, active) VALUES(76,'Samsonite Prowler Backpack','Fits Laptops 13" - 15.6", VizAir Bumpers for Great Laptop Protection','pce',650,null,20,'S');
INSERT INTO ITEM(item_id, description, features, uom_id, unit_price, image_path, stock, active) VALUES(77,'Samsonite Black 21" Hybrid Carry-On','Dual-Spinner Wheels, Ultra-light Aluminum Handle, Expandable','pce',1150,null,20,'S');
INSERT INTO ITEM(item_id, description, features, uom_id, unit_price, image_path, stock, active) VALUES(78,'Samsonite Black Hyperlite 2 Piece Softside','Ultra-Lightweight, Dual-Spinner Wheels, Expandable','set',1900,null,20,'S');
INSERT INTO ITEM(item_id, description, features, uom_id, unit_price, image_path, stock, active) VALUES(79,'Samsonite Aluplate 27" Hardside Spinner','100% Polycarbonate, Dual Spinner Wheels, Ultra-light Aluminum Handle','pce',900,null,20,'S');
INSERT INTO ITEM(item_id, description, features, uom_id, unit_price, image_path, stock, active) VALUES(80,'Kirkland Signature™ 21" Black Hybrid Spinner Carry-On','Expandable, Durable, Lightweight Hybrid Construction, Cordura Ballistic Fabric','pce',1000,null,20,'S');

INSERT INTO CATEGORY(category_id, description) VALUES(1,'Appliances');
INSERT INTO CATEGORY(category_id, description) VALUES(2,'Auto & Tires');
INSERT INTO CATEGORY(category_id, description) VALUES(3,'Baby, Kids & Toys');
INSERT INTO CATEGORY(category_id, description) VALUES(4,'Clothing & Handbags');
INSERT INTO CATEGORY(category_id, description) VALUES(5,'Computers & Printers');
INSERT INTO CATEGORY(category_id, description) VALUES(6,'Electronics');
INSERT INTO CATEGORY(category_id, description) VALUES(7,'Furniture');
INSERT INTO CATEGORY(category_id, description) VALUES(8,'Grocery, Floral & Pets');
INSERT INTO CATEGORY(category_id, description) VALUES(9,'Home Improvement');
INSERT INTO CATEGORY(category_id, description) VALUES(10,'Health & Beauty');
INSERT INTO CATEGORY(category_id, description) VALUES(11,'Home, Kitchen, Bed & Bath');
INSERT INTO CATEGORY(category_id, description) VALUES(12,'Jewelry & Watches');
INSERT INTO CATEGORY(category_id, description) VALUES(13,'Office Products');
INSERT INTO CATEGORY(category_id, description) VALUES(14,'Patio & Outdoor');
INSERT INTO CATEGORY(category_id, description) VALUES(15,'Sports & Fitness');
INSERT INTO CATEGORY(category_id, description) VALUES(16,'Travel & Luggage');

INSERT INTO CATEGORY_ITEM(category_id, item_id) VALUES(1,1);
INSERT INTO CATEGORY_ITEM(category_id, item_id) VALUES(1,2);
INSERT INTO CATEGORY_ITEM(category_id, item_id) VALUES(1,3);
INSERT INTO CATEGORY_ITEM(category_id, item_id) VALUES(1,4);
INSERT INTO CATEGORY_ITEM(category_id, item_id) VALUES(1,5);
INSERT INTO CATEGORY_ITEM(category_id, item_id) VALUES(1,21);
INSERT INTO CATEGORY_ITEM(category_id, item_id) VALUES(1,22);
INSERT INTO CATEGORY_ITEM(category_id, item_id) VALUES(1,26);
INSERT INTO CATEGORY_ITEM(category_id, item_id) VALUES(1,29);
INSERT INTO CATEGORY_ITEM(category_id, item_id) VALUES(1,30);
INSERT INTO CATEGORY_ITEM(category_id, item_id) VALUES(1,51);
INSERT INTO CATEGORY_ITEM(category_id, item_id) VALUES(1,52);
INSERT INTO CATEGORY_ITEM(category_id, item_id) VALUES(1,76);
INSERT INTO CATEGORY_ITEM(category_id, item_id) VALUES(2,6);
INSERT INTO CATEGORY_ITEM(category_id, item_id) VALUES(2,7);
INSERT INTO CATEGORY_ITEM(category_id, item_id) VALUES(2,8);
INSERT INTO CATEGORY_ITEM(category_id, item_id) VALUES(2,9);
INSERT INTO CATEGORY_ITEM(category_id, item_id) VALUES(2,10);
INSERT INTO CATEGORY_ITEM(category_id, item_id) VALUES(3,11);
INSERT INTO CATEGORY_ITEM(category_id, item_id) VALUES(3,12);
INSERT INTO CATEGORY_ITEM(category_id, item_id) VALUES(3,13);
INSERT INTO CATEGORY_ITEM(category_id, item_id) VALUES(3,14);
INSERT INTO CATEGORY_ITEM(category_id, item_id) VALUES(3,15);
INSERT INTO CATEGORY_ITEM(category_id, item_id) VALUES(3,18);
INSERT INTO CATEGORY_ITEM(category_id, item_id) VALUES(3,19);
INSERT INTO CATEGORY_ITEM(category_id, item_id) VALUES(3,68);
INSERT INTO CATEGORY_ITEM(category_id, item_id) VALUES(4,12);
INSERT INTO CATEGORY_ITEM(category_id, item_id) VALUES(4,14);
INSERT INTO CATEGORY_ITEM(category_id, item_id) VALUES(4,15);
INSERT INTO CATEGORY_ITEM(category_id, item_id) VALUES(4,16);
INSERT INTO CATEGORY_ITEM(category_id, item_id) VALUES(4,17);
INSERT INTO CATEGORY_ITEM(category_id, item_id) VALUES(4,18);
INSERT INTO CATEGORY_ITEM(category_id, item_id) VALUES(4,19);
INSERT INTO CATEGORY_ITEM(category_id, item_id) VALUES(4,20);
INSERT INTO CATEGORY_ITEM(category_id, item_id) VALUES(4,55);
INSERT INTO CATEGORY_ITEM(category_id, item_id) VALUES(5,21);
INSERT INTO CATEGORY_ITEM(category_id, item_id) VALUES(5,22);
INSERT INTO CATEGORY_ITEM(category_id, item_id) VALUES(5,23);
INSERT INTO CATEGORY_ITEM(category_id, item_id) VALUES(5,24);
INSERT INTO CATEGORY_ITEM(category_id, item_id) VALUES(5,25);
INSERT INTO CATEGORY_ITEM(category_id, item_id) VALUES(6,1);
INSERT INTO CATEGORY_ITEM(category_id, item_id) VALUES(6,21);
INSERT INTO CATEGORY_ITEM(category_id, item_id) VALUES(6,22);
INSERT INTO CATEGORY_ITEM(category_id, item_id) VALUES(6,23);
INSERT INTO CATEGORY_ITEM(category_id, item_id) VALUES(6,26);
INSERT INTO CATEGORY_ITEM(category_id, item_id) VALUES(6,27);
INSERT INTO CATEGORY_ITEM(category_id, item_id) VALUES(6,28);
INSERT INTO CATEGORY_ITEM(category_id, item_id) VALUES(6,29);
INSERT INTO CATEGORY_ITEM(category_id, item_id) VALUES(6,30);
INSERT INTO CATEGORY_ITEM(category_id, item_id) VALUES(6,43);
INSERT INTO CATEGORY_ITEM(category_id, item_id) VALUES(6,51);
INSERT INTO CATEGORY_ITEM(category_id, item_id) VALUES(6,52);
INSERT INTO CATEGORY_ITEM(category_id, item_id) VALUES(6,53);
INSERT INTO CATEGORY_ITEM(category_id, item_id) VALUES(6,54);
INSERT INTO CATEGORY_ITEM(category_id, item_id) VALUES(6,61);
INSERT INTO CATEGORY_ITEM(category_id, item_id) VALUES(6,62);
INSERT INTO CATEGORY_ITEM(category_id, item_id) VALUES(7,1);
INSERT INTO CATEGORY_ITEM(category_id, item_id) VALUES(7,25);
INSERT INTO CATEGORY_ITEM(category_id, item_id) VALUES(7,31);
INSERT INTO CATEGORY_ITEM(category_id, item_id) VALUES(7,32);
INSERT INTO CATEGORY_ITEM(category_id, item_id) VALUES(7,33);
INSERT INTO CATEGORY_ITEM(category_id, item_id) VALUES(7,34);
INSERT INTO CATEGORY_ITEM(category_id, item_id) VALUES(7,35);
INSERT INTO CATEGORY_ITEM(category_id, item_id) VALUES(8,36);
INSERT INTO CATEGORY_ITEM(category_id, item_id) VALUES(8,37);
INSERT INTO CATEGORY_ITEM(category_id, item_id) VALUES(8,38);
INSERT INTO CATEGORY_ITEM(category_id, item_id) VALUES(8,39);
INSERT INTO CATEGORY_ITEM(category_id, item_id) VALUES(8,40);
INSERT INTO CATEGORY_ITEM(category_id, item_id) VALUES(9,25);
INSERT INTO CATEGORY_ITEM(category_id, item_id) VALUES(9,30);
INSERT INTO CATEGORY_ITEM(category_id, item_id) VALUES(9,31);
INSERT INTO CATEGORY_ITEM(category_id, item_id) VALUES(9,35);
INSERT INTO CATEGORY_ITEM(category_id, item_id) VALUES(9,36);
INSERT INTO CATEGORY_ITEM(category_id, item_id) VALUES(9,41);
INSERT INTO CATEGORY_ITEM(category_id, item_id) VALUES(9,42);
INSERT INTO CATEGORY_ITEM(category_id, item_id) VALUES(9,43);
INSERT INTO CATEGORY_ITEM(category_id, item_id) VALUES(9,44);
INSERT INTO CATEGORY_ITEM(category_id, item_id) VALUES(9,45);
INSERT INTO CATEGORY_ITEM(category_id, item_id) VALUES(9,73);
INSERT INTO CATEGORY_ITEM(category_id, item_id) VALUES(10,46);
INSERT INTO CATEGORY_ITEM(category_id, item_id) VALUES(10,47);
INSERT INTO CATEGORY_ITEM(category_id, item_id) VALUES(10,48);
INSERT INTO CATEGORY_ITEM(category_id, item_id) VALUES(10,49);
INSERT INTO CATEGORY_ITEM(category_id, item_id) VALUES(10,50);
INSERT INTO CATEGORY_ITEM(category_id, item_id) VALUES(10,60);
INSERT INTO CATEGORY_ITEM(category_id, item_id) VALUES(11,36);
INSERT INTO CATEGORY_ITEM(category_id, item_id) VALUES(11,51);
INSERT INTO CATEGORY_ITEM(category_id, item_id) VALUES(11,52);
INSERT INTO CATEGORY_ITEM(category_id, item_id) VALUES(11,53);
INSERT INTO CATEGORY_ITEM(category_id, item_id) VALUES(11,54);
INSERT INTO CATEGORY_ITEM(category_id, item_id) VALUES(11,55);
INSERT INTO CATEGORY_ITEM(category_id, item_id) VALUES(12,56);
INSERT INTO CATEGORY_ITEM(category_id, item_id) VALUES(12,57);
INSERT INTO CATEGORY_ITEM(category_id, item_id) VALUES(12,58);
INSERT INTO CATEGORY_ITEM(category_id, item_id) VALUES(12,59);
INSERT INTO CATEGORY_ITEM(category_id, item_id) VALUES(12,60);
INSERT INTO CATEGORY_ITEM(category_id, item_id) VALUES(13,21);
INSERT INTO CATEGORY_ITEM(category_id, item_id) VALUES(13,22);
INSERT INTO CATEGORY_ITEM(category_id, item_id) VALUES(13,23);
INSERT INTO CATEGORY_ITEM(category_id, item_id) VALUES(13,29);
INSERT INTO CATEGORY_ITEM(category_id, item_id) VALUES(13,34);
INSERT INTO CATEGORY_ITEM(category_id, item_id) VALUES(13,35);
INSERT INTO CATEGORY_ITEM(category_id, item_id) VALUES(13,41);
INSERT INTO CATEGORY_ITEM(category_id, item_id) VALUES(13,61);
INSERT INTO CATEGORY_ITEM(category_id, item_id) VALUES(13,62);
INSERT INTO CATEGORY_ITEM(category_id, item_id) VALUES(13,63);
INSERT INTO CATEGORY_ITEM(category_id, item_id) VALUES(13,64);
INSERT INTO CATEGORY_ITEM(category_id, item_id) VALUES(13,65);
INSERT INTO CATEGORY_ITEM(category_id, item_id) VALUES(14,11);
INSERT INTO CATEGORY_ITEM(category_id, item_id) VALUES(14,66);
INSERT INTO CATEGORY_ITEM(category_id, item_id) VALUES(14,67);
INSERT INTO CATEGORY_ITEM(category_id, item_id) VALUES(14,68);
INSERT INTO CATEGORY_ITEM(category_id, item_id) VALUES(14,69);
INSERT INTO CATEGORY_ITEM(category_id, item_id) VALUES(14,70);
INSERT INTO CATEGORY_ITEM(category_id, item_id) VALUES(15,16);
INSERT INTO CATEGORY_ITEM(category_id, item_id) VALUES(15,17);
INSERT INTO CATEGORY_ITEM(category_id, item_id) VALUES(15,71);
INSERT INTO CATEGORY_ITEM(category_id, item_id) VALUES(15,72);
INSERT INTO CATEGORY_ITEM(category_id, item_id) VALUES(15,73);
INSERT INTO CATEGORY_ITEM(category_id, item_id) VALUES(15,74);
INSERT INTO CATEGORY_ITEM(category_id, item_id) VALUES(15,75);
INSERT INTO CATEGORY_ITEM(category_id, item_id) VALUES(16,55);
INSERT INTO CATEGORY_ITEM(category_id, item_id) VALUES(16,71);
INSERT INTO CATEGORY_ITEM(category_id, item_id) VALUES(16,72);
INSERT INTO CATEGORY_ITEM(category_id, item_id) VALUES(16,76);
INSERT INTO CATEGORY_ITEM(category_id, item_id) VALUES(16,77);
INSERT INTO CATEGORY_ITEM(category_id, item_id) VALUES(16,78);
INSERT INTO CATEGORY_ITEM(category_id, item_id) VALUES(16,79);
INSERT INTO CATEGORY_ITEM(category_id, item_id) VALUES(16,80);

INSERT INTO STATUS(status_id, description, status_type) VALUES(1100,'Created','CART');
INSERT INTO STATUS(status_id, description, status_type) VALUES(1200,'Ordered','CART');
INSERT INTO STATUS(status_id, description, status_type) VALUES(1300,'Delivered','CART');
INSERT INTO STATUS(status_id, description, status_type) VALUES(1400,'Canceled','CART');
INSERT INTO STATUS(status_id, description, status_type) VALUES(2100,'Created','ORDER');
INSERT INTO STATUS(status_id, description, status_type) VALUES(2300,'Delivered','ORDER');
INSERT INTO STATUS(status_id, description, status_type) VALUES(2350,'Partially Delivered','ORDER');
INSERT INTO STATUS(status_id, description, status_type) VALUES(2400,'Canceled','ORDER');
INSERT INTO STATUS(status_id, description, status_type) VALUES(3100,'Created','ORDER_LINE');
INSERT INTO STATUS(status_id, description, status_type) VALUES(3300,'Delivered','ORDER_LINE');
INSERT INTO STATUS(status_id, description, status_type) VALUES(3400,'Canceled','ORDER_LINE');

INSERT INTO PAYMENT_METHOD(payment_method_id, description) VALUES('CC','Credit Card');
INSERT INTO PAYMENT_METHOD(payment_method_id, description) VALUES('DC','Debit Card');
INSERT INTO PAYMENT_METHOD(payment_method_id, description) VALUES('GC','Gift Card');
INSERT INTO PAYMENT_METHOD(payment_method_id, description) VALUES('PP','Paypal');

INSERT INTO CART(cart_id, lines_amount, shipping_amount, cart_amount, ship_to_id, status_id, create_user, create_date, update_user, update_date) VALUES(1,2309.99,60,2369.99,2,1300,'jorge.gonzalez','2014-07-24 13:00:00','jorge.gonzalez','2014-07-24 13:00:00');
INSERT INTO CART(cart_id, lines_amount, shipping_amount, cart_amount, ship_to_id, status_id, create_user, create_date, update_user, update_date) VALUES(2,9038,60,9098,2,1300,'jorge.gonzalez','2014-07-27 14:20:21','jorge.gonzalez','2014-07-27 22:32:34');
INSERT INTO CART(cart_id, lines_amount, shipping_amount, cart_amount, ship_to_id, status_id, create_user, create_date, update_user, update_date) VALUES(3,2550,0,2550,3,1300,'jorge.gonzalez','2014-08-21 10:25:04','jorge.gonzalez','2014-08-21 18:37:17');
INSERT INTO CART(cart_id, lines_amount, shipping_amount, cart_amount, ship_to_id, status_id, create_user, create_date, update_user, update_date) VALUES(4,2800,70,2870,4,1300,'carlos.fuentes','2014-09-08 10:35:00','carlos.fuentes','2014-09-08 18:47:13');
INSERT INTO CART(cart_id, lines_amount, shipping_amount, cart_amount, ship_to_id, status_id, create_user, create_date, update_user, update_date) VALUES(5,28769.98,70,28839.98,4,1300,'carlos.fuentes','2014-10-18 14:39:00','carlos.fuentes','2014-10-22 22:51:09');
INSERT INTO CART(cart_id, lines_amount, shipping_amount, cart_amount, ship_to_id, status_id, create_user, create_date, update_user, update_date) VALUES(6,1800,60,1860,2,1400,'jorge.gonzalez','2014-10-21 22:39:34','jorge.gonzalez','2014-10-22 06:51:47');
INSERT INTO CART(cart_id, lines_amount, shipping_amount, cart_amount, ship_to_id, status_id, create_user, create_date, update_user, update_date) VALUES(7,8350,70,8420,4,1300,'carlos.fuentes','2014-10-22 08:25:10','carlos.fuentes','2014-10-22 16:37:23');
INSERT INTO CART(cart_id, lines_amount, shipping_amount, cart_amount, ship_to_id, status_id, create_user, create_date, update_user, update_date) VALUES(8,500,60,560,2,1300,'jorge.gonzalez','2014-10-23 09:20:11','jorge.gonzalez','2014-10-23 17:32:24');
INSERT INTO CART(cart_id, lines_amount, shipping_amount, cart_amount, ship_to_id, status_id, create_user, create_date, update_user, update_date) VALUES(9,65400,0,65400,3,1400,'jorge.gonzalez','2014-10-28 19:18:45','jorge.gonzalez','2014-10-31 03:30:56');
INSERT INTO CART(cart_id, lines_amount, shipping_amount, cart_amount, ship_to_id, status_id, create_user, create_date, update_user, update_date) VALUES(10,3714,60,3774,2,1300,'jorge.gonzalez','2014-11-02 10:18:20','jorge.gonzalez','2014-11-02 18:30:33');
INSERT INTO CART(cart_id, lines_amount, shipping_amount, cart_amount, ship_to_id, status_id, create_user, create_date, update_user, update_date) VALUES(11,1950,70,2020,4,1400,'carlos.fuentes','2014-11-13 22:30:12','carlos.fuentes','2014-11-18 06:42:21');
INSERT INTO CART(cart_id, lines_amount, shipping_amount, cart_amount, ship_to_id, status_id, create_user, create_date, update_user, update_date) VALUES(12,13335,60,13395,2,1300,'jorge.gonzalez','2014-11-29 20:31:10','jorge.gonzalez','2014-11-30 04:43:23');
INSERT INTO CART(cart_id, lines_amount, shipping_amount, cart_amount, ship_to_id, status_id, create_user, create_date, update_user, update_date) VALUES(13,36960,0,36960,3,1300,'jorge.gonzalez','2014-12-01 12:31:23','jorge.gonzalez','2014-12-01 20:43:36');
INSERT INTO CART(cart_id, lines_amount, shipping_amount, cart_amount, ship_to_id, status_id, create_user, create_date, update_user, update_date) VALUES(14,2700,70,2770,4,1300,'carlos.fuentes','2014-12-17 02:23:10','carlos.fuentes','2014-12-17 10:35:23');
INSERT INTO CART(cart_id, lines_amount, shipping_amount, cart_amount, ship_to_id, status_id, create_user, create_date, update_user, update_date) VALUES(15,18500,60,18560,2,1300,'jorge.gonzalez','2014-12-23 06:31:56','jorge.gonzalez','2014-12-23 14:44:09');
INSERT INTO CART(cart_id, lines_amount, shipping_amount, cart_amount, ship_to_id, status_id, create_user, create_date, update_user, update_date) VALUES(16,800,60,860,2,1300,'jorge.gonzalez','2015-01-03 16:12:40','jorge.gonzalez','2015-01-04 00:24:53');
INSERT INTO CART(cart_id, lines_amount, shipping_amount, cart_amount, ship_to_id, status_id, create_user, create_date, update_user, update_date) VALUES(17,4600,60,4660,2,1300,'jorge.gonzalez','2015-01-07 06:23:12','jorge.gonzalez','2015-01-07 14:35:25');
INSERT INTO CART(cart_id, lines_amount, shipping_amount, cart_amount, ship_to_id, status_id, create_user, create_date, update_user, update_date) VALUES(18,12100,0,12100,3,1300,'jorge.gonzalez','2015-01-12 14:12:45','jorge.gonzalez','2015-01-12 22:24:58');
INSERT INTO CART(cart_id, lines_amount, shipping_amount, cart_amount, ship_to_id, status_id, create_user, create_date, update_user, update_date) VALUES(19,6000,70,6070,4,1300,'carlos.fuentes','2015-01-25 20:35:10','carlos.fuentes','2015-01-26 04:47:23');
INSERT INTO CART(cart_id, lines_amount, shipping_amount, cart_amount, ship_to_id, status_id, create_user, create_date, update_user, update_date) VALUES(20,4900,60,4960,2,1400,'jorge.gonzalez','2015-02-12 07:39:23','jorge.gonzalez','2015-02-15 15:51:33');
INSERT INTO CART(cart_id, lines_amount, shipping_amount, cart_amount, ship_to_id, status_id, create_user, create_date, update_user, update_date) VALUES(21,8360,0,8360,3,1300,'jorge.gonzalez','2015-02-27 13:02:40','jorge.gonzalez','2015-02-27 21:14:53');
INSERT INTO CART(cart_id, lines_amount, shipping_amount, cart_amount, ship_to_id, status_id, create_user, create_date, update_user, update_date) VALUES(22,32500,70,32570,4,1300,'carlos.fuentes','2015-03-01 21:09:12','carlos.fuentes','2015-03-02 05:21:25');
INSERT INTO CART(cart_id, lines_amount, shipping_amount, cart_amount, ship_to_id, status_id, create_user, create_date, update_user, update_date) VALUES(23,9100,70,9170,4,1200,'carlos.fuentes','2015-03-12 04:20:16','carlos.fuentes','2015-03-12 12:32:29');
INSERT INTO CART(cart_id, lines_amount, shipping_amount, cart_amount, ship_to_id, status_id, create_user, create_date, update_user, update_date) VALUES(24,3650,0,3650,3,1300,'jorge.gonzalez','2015-03-19 12:34:45','jorge.gonzalez','2015-03-19 20:46:58');
INSERT INTO CART(cart_id, lines_amount, shipping_amount, cart_amount, ship_to_id, status_id, create_user, create_date, update_user, update_date) VALUES(25,1300,60,1360,2,1200,'jorge.gonzalez','2015-04-12 05:21:40','jorge.gonzalez','2015-04-12 13:33:53');
INSERT INTO CART(cart_id, lines_amount, shipping_amount, cart_amount, ship_to_id, status_id, create_user, create_date, update_user, update_date) VALUES(26,24850,0,24850,3,1400,'jorge.gonzalez','2015-04-28 09:06:12','jorge.gonzalez','2015-04-30 17:18:23');
INSERT INTO CART(cart_id, lines_amount, shipping_amount, cart_amount, ship_to_id, status_id, create_user, create_date, update_user, update_date) VALUES(27,7000,70,7070,4,1300,'carlos.fuentes','2015-05-02 13:09:27','carlos.fuentes','2015-05-02 21:21:40');
INSERT INTO CART(cart_id, lines_amount, shipping_amount, cart_amount, ship_to_id, status_id, create_user, create_date, update_user, update_date) VALUES(28,14370,60,14430,2,1200,'jorge.gonzalez','2015-05-26 19:21:56','jorge.gonzalez','2015-05-27 03:34:09');
INSERT INTO CART(cart_id, lines_amount, shipping_amount, cart_amount, ship_to_id, status_id, create_user, create_date, update_user, update_date) VALUES(29,1935,70,2005,4,1300,'carlos.fuentes','2015-06-25 08:12:30','carlos.fuentes','2015-06-25 16:24:43');
INSERT INTO CART(cart_id, lines_amount, shipping_amount, cart_amount, ship_to_id, status_id, create_user, create_date, update_user, update_date) VALUES(30,3000,70,3070,4,1100,'carlos.fuentes','2015-07-07 20:34:12','carlos.fuentes','2015-07-07 20:34:12');
INSERT INTO CART(cart_id, lines_amount, shipping_amount, cart_amount, ship_to_id, status_id, create_user, create_date, update_user, update_date) VALUES(31,230,60,290,2,1200,'jorge.gonzalez','2015-07-19 11:24:05','jorge.gonzalez','2015-07-19 19:36:18');
INSERT INTO CART(cart_id, lines_amount, shipping_amount, cart_amount, ship_to_id, status_id, create_user, create_date, update_user, update_date) VALUES(32,5460,0,5460,3,1100,'jorge.gonzalez','2015-07-30 21:04:25','jorge.gonzalez','2015-07-30 21:04:25');

INSERT INTO CART_LINE(cart_line_id, cart_id, item_id, quantity) VALUES(1,1,4,1);
INSERT INTO CART_LINE(cart_line_id, cart_id, item_id, quantity) VALUES(2,1,3,1);
INSERT INTO CART_LINE(cart_line_id, cart_id, item_id, quantity) VALUES(3,2,15,2);
INSERT INTO CART_LINE(cart_line_id, cart_id, item_id, quantity) VALUES(4,2,70,2);
INSERT INTO CART_LINE(cart_line_id, cart_id, item_id, quantity) VALUES(5,3,9,1);
INSERT INTO CART_LINE(cart_line_id, cart_id, item_id, quantity) VALUES(6,3,39,2);
INSERT INTO CART_LINE(cart_line_id, cart_id, item_id, quantity) VALUES(7,3,80,1);
INSERT INTO CART_LINE(cart_line_id, cart_id, item_id, quantity) VALUES(8,4,62,4);
INSERT INTO CART_LINE(cart_line_id, cart_id, item_id, quantity) VALUES(9,5,66,1);
INSERT INTO CART_LINE(cart_line_id, cart_id, item_id, quantity) VALUES(10,5,3,2);
INSERT INTO CART_LINE(cart_line_id, cart_id, item_id, quantity) VALUES(11,5,35,1);
INSERT INTO CART_LINE(cart_line_id, cart_id, item_id, quantity) VALUES(12,5,60,1);
INSERT INTO CART_LINE(cart_line_id, cart_id, item_id, quantity) VALUES(13,6,49,2);
INSERT INTO CART_LINE(cart_line_id, cart_id, item_id, quantity) VALUES(14,7,44,3);
INSERT INTO CART_LINE(cart_line_id, cart_id, item_id, quantity) VALUES(15,7,27,1);
INSERT INTO CART_LINE(cart_line_id, cart_id, item_id, quantity) VALUES(16,8,10,2);
INSERT INTO CART_LINE(cart_line_id, cart_id, item_id, quantity) VALUES(17,9,26,1);
INSERT INTO CART_LINE(cart_line_id, cart_id, item_id, quantity) VALUES(18,10,12,2);
INSERT INTO CART_LINE(cart_line_id, cart_id, item_id, quantity) VALUES(19,10,76,2);
INSERT INTO CART_LINE(cart_line_id, cart_id, item_id, quantity) VALUES(20,11,52,1);
INSERT INTO CART_LINE(cart_line_id, cart_id, item_id, quantity) VALUES(21,12,40,1);
INSERT INTO CART_LINE(cart_line_id, cart_id, item_id, quantity) VALUES(22,12,2,1);
INSERT INTO CART_LINE(cart_line_id, cart_id, item_id, quantity) VALUES(23,12,61,3);
INSERT INTO CART_LINE(cart_line_id, cart_id, item_id, quantity) VALUES(24,13,44,1);
INSERT INTO CART_LINE(cart_line_id, cart_id, item_id, quantity) VALUES(25,13,65,1);
INSERT INTO CART_LINE(cart_line_id, cart_id, item_id, quantity) VALUES(26,13,54,2);
INSERT INTO CART_LINE(cart_line_id, cart_id, item_id, quantity) VALUES(27,13,21,2);
INSERT INTO CART_LINE(cart_line_id, cart_id, item_id, quantity) VALUES(28,13,5,1);
INSERT INTO CART_LINE(cart_line_id, cart_id, item_id, quantity) VALUES(29,14,24,5);
INSERT INTO CART_LINE(cart_line_id, cart_id, item_id, quantity) VALUES(30,15,39,3);
INSERT INTO CART_LINE(cart_line_id, cart_id, item_id, quantity) VALUES(31,15,57,2);
INSERT INTO CART_LINE(cart_line_id, cart_id, item_id, quantity) VALUES(32,16,64,1);
INSERT INTO CART_LINE(cart_line_id, cart_id, item_id, quantity) VALUES(33,17,46,2);
INSERT INTO CART_LINE(cart_line_id, cart_id, item_id, quantity) VALUES(34,17,61,3);
INSERT INTO CART_LINE(cart_line_id, cart_id, item_id, quantity) VALUES(35,18,21,1);
INSERT INTO CART_LINE(cart_line_id, cart_id, item_id, quantity) VALUES(36,18,27,1);
INSERT INTO CART_LINE(cart_line_id, cart_id, item_id, quantity) VALUES(37,18,9,2);
INSERT INTO CART_LINE(cart_line_id, cart_id, item_id, quantity) VALUES(38,19,45,8);
INSERT INTO CART_LINE(cart_line_id, cart_id, item_id, quantity) VALUES(39,20,52,2);
INSERT INTO CART_LINE(cart_line_id, cart_id, item_id, quantity) VALUES(40,20,80,1);
INSERT INTO CART_LINE(cart_line_id, cart_id, item_id, quantity) VALUES(41,21,67,2);
INSERT INTO CART_LINE(cart_line_id, cart_id, item_id, quantity) VALUES(42,21,46,2);
INSERT INTO CART_LINE(cart_line_id, cart_id, item_id, quantity) VALUES(43,21,28,1);
INSERT INTO CART_LINE(cart_line_id, cart_id, item_id, quantity) VALUES(44,22,34,1);
INSERT INTO CART_LINE(cart_line_id, cart_id, item_id, quantity) VALUES(45,23,37,1);
INSERT INTO CART_LINE(cart_line_id, cart_id, item_id, quantity) VALUES(46,23,57,1);
INSERT INTO CART_LINE(cart_line_id, cart_id, item_id, quantity) VALUES(47,24,72,1);
INSERT INTO CART_LINE(cart_line_id, cart_id, item_id, quantity) VALUES(48,25,39,2);
INSERT INTO CART_LINE(cart_line_id, cart_id, item_id, quantity) VALUES(49,26,46,1);
INSERT INTO CART_LINE(cart_line_id, cart_id, item_id, quantity) VALUES(50,26,66,1);
INSERT INTO CART_LINE(cart_line_id, cart_id, item_id, quantity) VALUES(51,27,71,5);
INSERT INTO CART_LINE(cart_line_id, cart_id, item_id, quantity) VALUES(52,28,63,4);
INSERT INTO CART_LINE(cart_line_id, cart_id, item_id, quantity) VALUES(53,28,66,1);
INSERT INTO CART_LINE(cart_line_id, cart_id, item_id, quantity) VALUES(54,28,27,1);
INSERT INTO CART_LINE(cart_line_id, cart_id, item_id, quantity) VALUES(55,28,49,1);
INSERT INTO CART_LINE(cart_line_id, cart_id, item_id, quantity) VALUES(56,28,55,2);
INSERT INTO CART_LINE(cart_line_id, cart_id, item_id, quantity) VALUES(57,28,22,1);
INSERT INTO CART_LINE(cart_line_id, cart_id, item_id, quantity) VALUES(58,29,8,1);
INSERT INTO CART_LINE(cart_line_id, cart_id, item_id, quantity) VALUES(59,29,40,1);
INSERT INTO CART_LINE(cart_line_id, cart_id, item_id, quantity) VALUES(60,30,45,2);
INSERT INTO CART_LINE(cart_line_id, cart_id, item_id, quantity) VALUES(61,31,20,1);
INSERT INTO CART_LINE(cart_line_id, cart_id, item_id, quantity) VALUES(62,32,29,2);
INSERT INTO CART_LINE(cart_line_id, cart_id, item_id, quantity) VALUES(63,32,55,3);

INSERT INTO ORDERS(order_id, cart_id, order_date, schedule_date, delivery_date, cancellation_date, lines_amount, shipping_amount, order_amount, payment_method_id, payment_reference, notes, status_id, create_user, create_date, update_user, update_date) VALUES(1,1,'2014-07-24 13:00:00','2014-07-28 00:00:00','2014-07-27 14:53:25',null,1500,60,1560,'CC','1548658436542250','Deliver at office',2350,'jorge.gonzalez','2014-07-24 13:00:00','jorge.gonzalez','2014-07-27 14:53:25');
INSERT INTO ORDERS(order_id, cart_id, order_date, schedule_date, delivery_date, cancellation_date, lines_amount, shipping_amount, order_amount, payment_method_id, payment_reference, notes, status_id, create_user, create_date, update_user, update_date) VALUES(2,2,'2014-07-27 22:32:34','2014-07-29 22:32:32','2014-07-30 19:03:58',null,9038,60,9098,'DC','3203742937298379','Pick up in store',2300,'jorge.gonzalez','2014-07-27 22:32:34','jorge.gonzalez','2014-07-30 19:03:58');
INSERT INTO ORDERS(order_id, cart_id, order_date, schedule_date, delivery_date, cancellation_date, lines_amount, shipping_amount, order_amount, payment_method_id, payment_reference, notes, status_id, create_user, create_date, update_user, update_date) VALUES(3,3,'2014-08-21 18:37:17','2014-08-22 18:37:16','2014-08-22 11:07:45',null,2550,0,2550,'CC','4839470487498372','Pick up in store',2300,'jorge.gonzalez','2014-08-21 18:37:17','jorge.gonzalez','2014-08-22 11:07:45');
INSERT INTO ORDERS(order_id, cart_id, order_date, schedule_date, delivery_date, cancellation_date, lines_amount, shipping_amount, order_amount, payment_method_id, payment_reference, notes, status_id, create_user, create_date, update_user, update_date) VALUES(4,4,'2014-09-08 18:47:13','2014-09-11 18:47:10','2014-09-10 20:18:37',null,2800,70,2870,'PP','alguien@algunlado.com','Deliver at office',2300,'jorge.gonzalez','2014-09-08 18:47:13','jorge.gonzalez','2014-09-10 20:18:37');
INSERT INTO ORDERS(order_id, cart_id, order_date, schedule_date, delivery_date, cancellation_date, lines_amount, shipping_amount, order_amount, payment_method_id, payment_reference, notes, status_id, create_user, create_date, update_user, update_date) VALUES(5,5,'2014-10-18 22:51:13','2014-10-21 22:51:10','2014-10-23 15:52:43',null,27469.98,70,27539.98,'DC','5304737403473934','Pick up in store',2350,'jorge.gonzalez','2014-10-18 22:51:13','jorge.gonzalez','2014-10-23 15:52:43');
INSERT INTO ORDERS(order_id, cart_id, order_date, schedule_date, delivery_date, cancellation_date, lines_amount, shipping_amount, order_amount, payment_method_id, payment_reference, notes, status_id, create_user, create_date, update_user, update_date) VALUES(6,6,'2014-10-22 06:51:47','2014-10-24 06:51:45',null,'2014-10-25 06:51:44',1800,60,1860,'CC','5730403740377563','Order Canceled',2400,'jorge.gonzalez','2014-10-22 06:51:47','jorge.gonzalez','2014-10-25 06:51:44');
INSERT INTO ORDERS(order_id, cart_id, order_date, schedule_date, delivery_date, cancellation_date, lines_amount, shipping_amount, order_amount, payment_method_id, payment_reference, notes, status_id, create_user, create_date, update_user, update_date) VALUES(7,7,'2014-10-22 16:37:23','2014-10-25 16:37:20','2014-10-26 11:59:15',null,8350,70,8420,'DC','5738304037437304','Deliver at office',2300,'jorge.gonzalez','2014-10-22 16:37:23','jorge.gonzalez','2014-10-26 11:59:15');
INSERT INTO ORDERS(order_id, cart_id, order_date, schedule_date, delivery_date, cancellation_date, lines_amount, shipping_amount, order_amount, payment_method_id, payment_reference, notes, status_id, create_user, create_date, update_user, update_date) VALUES(8,8,'2014-10-23 17:32:24','2014-10-25 17:32:22','2014-10-25 02:33:20',null,500,60,560,'PP','juanito@perez.com','Deliver at office',2300,'jorge.gonzalez','2014-10-23 17:32:24','jorge.gonzalez','2014-10-25 02:33:20');
INSERT INTO ORDERS(order_id, cart_id, order_date, schedule_date, delivery_date, cancellation_date, lines_amount, shipping_amount, order_amount, payment_method_id, payment_reference, notes, status_id, create_user, create_date, update_user, update_date) VALUES(9,9,'2014-10-29 03:30:58','2014-10-30 03:30:57',null,'2014-10-31 03:30:56',65400,0,65400,'CC','6739403735030735','Order Canceled',2400,'jorge.gonzalez','2014-10-29 03:30:58','jorge.gonzalez','2014-10-31 03:30:56');
INSERT INTO ORDERS(order_id, cart_id, order_date, schedule_date, delivery_date, cancellation_date, lines_amount, shipping_amount, order_amount, payment_method_id, payment_reference, notes, status_id, create_user, create_date, update_user, update_date) VALUES(10,10,'2014-11-02 18:30:33','2014-11-04 18:30:31','2014-11-04 03:31:29',null,2414,60,2474,'PP','carlos@fuentes.com','Pick up in store',2350,'jorge.gonzalez','2014-11-02 18:30:33','jorge.gonzalez','2014-11-04 03:31:29');
INSERT INTO ORDERS(order_id, cart_id, order_date, schedule_date, delivery_date, cancellation_date, lines_amount, shipping_amount, order_amount, payment_method_id, payment_reference, notes, status_id, create_user, create_date, update_user, update_date) VALUES(11,11,'2014-11-14 06:42:25','2014-11-17 06:42:22',null,'2014-11-18 06:42:21',1950,70,2020,'DC','5733473037538828','Order Canceled',2400,'jorge.gonzalez','2014-11-14 06:42:25','jorge.gonzalez','2014-11-18 06:42:21');
INSERT INTO ORDERS(order_id, cart_id, order_date, schedule_date, delivery_date, cancellation_date, lines_amount, shipping_amount, order_amount, payment_method_id, payment_reference, notes, status_id, create_user, create_date, update_user, update_date) VALUES(12,12,'2014-11-30 04:43:23','2014-12-02 04:43:21','2014-12-01 13:44:19',null,13335,60,13395,'DC','3439473743048524','Deliver at office',2300,'jorge.gonzalez','2014-11-30 04:43:23','jorge.gonzalez','2014-12-01 13:44:19');
INSERT INTO ORDERS(order_id, cart_id, order_date, schedule_date, delivery_date, cancellation_date, lines_amount, shipping_amount, order_amount, payment_method_id, payment_reference, notes, status_id, create_user, create_date, update_user, update_date) VALUES(13,13,'2014-12-01 20:43:36','2014-12-02 20:43:35','2014-12-02 13:14:04',null,15460,0,15460,'CC','9746392563746135','Pick up in store',2350,'jorge.gonzalez','2014-12-01 20:43:36','jorge.gonzalez','2014-12-02 13:14:04');
INSERT INTO ORDERS(order_id, cart_id, order_date, schedule_date, delivery_date, cancellation_date, lines_amount, shipping_amount, order_amount, payment_method_id, payment_reference, notes, status_id, create_user, create_date, update_user, update_date) VALUES(14,14,'2014-12-17 10:35:23','2014-12-20 10:35:20','2014-12-21 05:57:15',null,2700,70,2770,'PP','arturo@rios.com','Pick up in store',2300,'jorge.gonzalez','2014-12-17 10:35:23','jorge.gonzalez','2014-12-21 05:57:15');
INSERT INTO ORDERS(order_id, cart_id, order_date, schedule_date, delivery_date, cancellation_date, lines_amount, shipping_amount, order_amount, payment_method_id, payment_reference, notes, status_id, create_user, create_date, update_user, update_date) VALUES(15,15,'2014-12-23 14:44:09','2014-12-25 14:44:07','2014-12-24 23:45:05',null,1950,60,2010,'PP','cecy@obrero.com','Deliver at office',2350,'jorge.gonzalez','2014-12-23 14:44:09','jorge.gonzalez','2014-12-24 23:45:05');
INSERT INTO ORDERS(order_id, cart_id, order_date, schedule_date, delivery_date, cancellation_date, lines_amount, shipping_amount, order_amount, payment_method_id, payment_reference, notes, status_id, create_user, create_date, update_user, update_date) VALUES(16,16,'2015-01-04 00:24:53','2015-01-06 00:24:51','2015-01-05 09:25:49',null,800,60,860,'CC','8364362455953762','Deliver at office',2300,'jorge.gonzalez','2015-01-04 00:24:53','jorge.gonzalez','2015-01-05 09:25:49');
INSERT INTO ORDERS(order_id, cart_id, order_date, schedule_date, delivery_date, cancellation_date, lines_amount, shipping_amount, order_amount, payment_method_id, payment_reference, notes, status_id, create_user, create_date, update_user, update_date) VALUES(17,17,'2015-01-07 14:35:25','2015-01-09 14:35:23','2015-01-08 23:36:21',null,4600,60,4660,'GC','9765284635272845','Pick up in store',2300,'jorge.gonzalez','2015-01-07 14:35:25','jorge.gonzalez','2015-01-08 23:36:21');
INSERT INTO ORDERS(order_id, cart_id, order_date, schedule_date, delivery_date, cancellation_date, lines_amount, shipping_amount, order_amount, payment_method_id, payment_reference, notes, status_id, create_user, create_date, update_user, update_date) VALUES(18,18,'2015-01-12 22:24:58','2015-01-13 22:24:57','2015-01-13 14:55:26',null,11600,0,11600,'CC','1548658436542250','Deliver at office',2350,'jorge.gonzalez','2015-01-12 22:24:58','jorge.gonzalez','2015-01-13 14:55:26');
INSERT INTO ORDERS(order_id, cart_id, order_date, schedule_date, delivery_date, cancellation_date, lines_amount, shipping_amount, order_amount, payment_method_id, payment_reference, notes, status_id, create_user, create_date, update_user, update_date) VALUES(19,19,'2015-01-26 04:47:23','2015-01-29 04:47:20','2015-01-28 06:18:47',null,6000,70,6070,'PP','sand_ma@texa.com','Deliver at office',2300,'jorge.gonzalez','2015-01-26 04:47:23','jorge.gonzalez','2015-01-28 06:18:47');
INSERT INTO ORDERS(order_id, cart_id, order_date, schedule_date, delivery_date, cancellation_date, lines_amount, shipping_amount, order_amount, payment_method_id, payment_reference, notes, status_id, create_user, create_date, update_user, update_date) VALUES(20,20,'2015-02-12 15:51:36','2015-02-14 15:51:34',null,'2015-02-15 15:51:33',4900,60,4960,'DC','8662946262848242','Order Canceled',2400,'jorge.gonzalez','2015-02-12 15:51:36','jorge.gonzalez','2015-02-15 15:51:33');
INSERT INTO ORDERS(order_id, cart_id, order_date, schedule_date, delivery_date, cancellation_date, lines_amount, shipping_amount, order_amount, payment_method_id, payment_reference, notes, status_id, create_user, create_date, update_user, update_date) VALUES(21,21,'2015-02-27 21:14:53','2015-02-28 21:14:52','2015-02-28 13:45:21',null,2360,0,2360,'GC','1548658436542250','Deliver at office',2350,'jorge.gonzalez','2015-02-27 21:14:53','jorge.gonzalez','2015-02-28 13:45:21');
INSERT INTO ORDERS(order_id, cart_id, order_date, schedule_date, delivery_date, cancellation_date, lines_amount, shipping_amount, order_amount, payment_method_id, payment_reference, notes, status_id, create_user, create_date, update_user, update_date) VALUES(22,22,'2015-03-02 05:21:25','2015-03-05 05:21:22','2015-03-06 00:43:17',null,32500,70,32570,'CC','6739295057385783','Deliver at office',2300,'jorge.gonzalez','2015-03-02 05:21:25','jorge.gonzalez','2015-03-06 00:43:17');
INSERT INTO ORDERS(order_id, cart_id, order_date, schedule_date, delivery_date, cancellation_date, lines_amount, shipping_amount, order_amount, payment_method_id, payment_reference, notes, status_id, create_user, create_date, update_user, update_date) VALUES(23,23,'2015-03-12 12:32:29','2015-03-15 12:32:26','2015-03-14 14:03:53',null,9100,70,9170,'DC','1548658436542250','Pick up in store',2100,'jorge.gonzalez','2015-03-12 12:32:29','jorge.gonzalez','2015-03-12 12:32:29');
INSERT INTO ORDERS(order_id, cart_id, order_date, schedule_date, delivery_date, cancellation_date, lines_amount, shipping_amount, order_amount, payment_method_id, payment_reference, notes, status_id, create_user, create_date, update_user, update_date) VALUES(24,24,'2015-03-19 20:46:58','2015-03-20 20:46:57','2015-03-20 13:17:26',null,3650,0,3650,'PP','mari_0@urula.com','Pick up in store',2300,'jorge.gonzalez','2015-03-19 20:46:58','jorge.gonzalez','2015-03-20 13:17:26');
INSERT INTO ORDERS(order_id, cart_id, order_date, schedule_date, delivery_date, cancellation_date, lines_amount, shipping_amount, order_amount, payment_method_id, payment_reference, notes, status_id, create_user, create_date, update_user, update_date) VALUES(25,25,'2015-04-12 13:33:53','2015-04-14 13:33:51','2015-04-13 22:34:49',null,1300,60,1360,'CC','5839403392029493','Deliver at office',2100,'jorge.gonzalez','2015-04-12 13:33:53','jorge.gonzalez','2015-04-12 13:33:53');
INSERT INTO ORDERS(order_id, cart_id, order_date, schedule_date, delivery_date, cancellation_date, lines_amount, shipping_amount, order_amount, payment_method_id, payment_reference, notes, status_id, create_user, create_date, update_user, update_date) VALUES(26,26,'2015-04-28 17:18:25','2015-04-29 17:18:24',null,'2015-04-30 17:18:23',24850,0,24850,'PP','poch@latix.com','Order Canceled',2400,'jorge.gonzalez','2015-04-28 17:18:25','jorge.gonzalez','2015-04-30 17:18:23');
INSERT INTO ORDERS(order_id, cart_id, order_date, schedule_date, delivery_date, cancellation_date, lines_amount, shipping_amount, order_amount, payment_method_id, payment_reference, notes, status_id, create_user, create_date, update_user, update_date) VALUES(27,27,'2015-05-02 21:21:40','2015-05-05 21:21:37','2015-05-06 16:43:32',null,7000,70,7070,'CC','5748633938292935','Pick up in store',2300,'jorge.gonzalez','2015-05-02 21:21:40','jorge.gonzalez','2015-05-06 16:43:32');
INSERT INTO ORDERS(order_id, cart_id, order_date, schedule_date, delivery_date, cancellation_date, lines_amount, shipping_amount, order_amount, payment_method_id, payment_reference, notes, status_id, create_user, create_date, update_user, update_date) VALUES(28,28,'2015-05-27 03:34:09','2015-05-29 03:34:07','2015-05-28 12:35:05',null,14370,60,14430,'GC','6938374929334943','Pick up in store',2100,'jorge.gonzalez','2015-05-27 03:34:09','jorge.gonzalez','2015-05-27 03:34:09');
INSERT INTO ORDERS(order_id, cart_id, order_date, schedule_date, delivery_date, cancellation_date, lines_amount, shipping_amount, order_amount, payment_method_id, payment_reference, notes, status_id, create_user, create_date, update_user, update_date) VALUES(29,29,'2015-06-25 16:24:43','2015-06-28 16:24:40','2015-06-27 17:56:07',null,1935,70,2005,'PP','rock@rubal.com','Deliver at office',2300,'jorge.gonzalez','2015-06-25 16:24:43','jorge.gonzalez','2015-06-27 17:56:07');
INSERT INTO ORDERS(order_id, cart_id, order_date, schedule_date, delivery_date, cancellation_date, lines_amount, shipping_amount, order_amount, payment_method_id, payment_reference, notes, status_id, create_user, create_date, update_user, update_date) VALUES(30,31,'2015-07-19 19:36:18','2015-07-21 19:36:16','2015-07-21 04:37:14',null,3000,60,3060,'CC','8732944387236281','Deliver at office',2100,'jorge.gonzalez','2015-07-19 19:36:18','jorge.gonzalez','2015-07-19 19:36:18');

INSERT INTO ORDER_LINE(order_line_id, order_id, item_id, quantity, line_amount, status_id, cart_line_id, create_user, create_date, update_user, update_date) VALUES(1,1,4,1,1500,3300,1,'jorge.gonzalez','2014-07-24 13:00:00','jorge.gonzalez','2014-07-27 10:40:20');
INSERT INTO ORDER_LINE(order_line_id, order_id, item_id, quantity, line_amount, status_id, cart_line_id, create_user, create_date, update_user, update_date) VALUES(2,1,3,1,809.99,3400,2,'jorge.gonzalez','2014-07-24 13:00:00','jorge.gonzalez','2014-07-27 10:22:07');
INSERT INTO ORDER_LINE(order_line_id, order_id, item_id, quantity, line_amount, status_id, cart_line_id, create_user, create_date, update_user, update_date) VALUES(3,2,15,2,2038,3300,3,'jorge.gonzalez','2014-07-27 22:32:34','jorge.gonzalez','2014-07-30 19:03:58');
INSERT INTO ORDER_LINE(order_line_id, order_id, item_id, quantity, line_amount, status_id, cart_line_id, create_user, create_date, update_user, update_date) VALUES(4,2,70,2,7000,3300,4,'jorge.gonzalez','2014-07-27 22:32:34','jorge.gonzalez','2014-07-30 19:03:58');
INSERT INTO ORDER_LINE(order_line_id, order_id, item_id, quantity, line_amount, status_id, cart_line_id, create_user, create_date, update_user, update_date) VALUES(5,3,9,1,250,3300,5,'jorge.gonzalez','2014-08-21 18:37:17','jorge.gonzalez','2014-08-22 11:07:45');
INSERT INTO ORDER_LINE(order_line_id, order_id, item_id, quantity, line_amount, status_id, cart_line_id, create_user, create_date, update_user, update_date) VALUES(6,3,39,2,1300,3300,6,'jorge.gonzalez','2014-08-21 18:37:17','jorge.gonzalez','2014-08-22 11:07:45');
INSERT INTO ORDER_LINE(order_line_id, order_id, item_id, quantity, line_amount, status_id, cart_line_id, create_user, create_date, update_user, update_date) VALUES(7,3,80,1,1000,3300,7,'jorge.gonzalez','2014-08-21 18:37:17','jorge.gonzalez','2014-08-22 11:07:45');
INSERT INTO ORDER_LINE(order_line_id, order_id, item_id, quantity, line_amount, status_id, cart_line_id, create_user, create_date, update_user, update_date) VALUES(8,4,62,4,2800,3300,8,'jorge.gonzalez','2014-09-08 18:47:13','jorge.gonzalez','2014-09-10 20:18:37');
INSERT INTO ORDER_LINE(order_line_id, order_id, item_id, quantity, line_amount, status_id, cart_line_id, create_user, create_date, update_user, update_date) VALUES(9,5,66,1,24500,3300,9,'jorge.gonzalez','2014-10-18 22:51:13','jorge.gonzalez','2014-10-23 15:52:43');
INSERT INTO ORDER_LINE(order_line_id, order_id, item_id, quantity, line_amount, status_id, cart_line_id, create_user, create_date, update_user, update_date) VALUES(10,5,3,2,1619.98,3300,10,'jorge.gonzalez','2014-10-18 22:51:13','jorge.gonzalez','2014-10-23 15:52:43');
INSERT INTO ORDER_LINE(order_line_id, order_id, item_id, quantity, line_amount, status_id, cart_line_id, create_user, create_date, update_user, update_date) VALUES(11,5,35,1,1350,3300,11,'jorge.gonzalez','2014-10-18 22:51:13','jorge.gonzalez','2014-10-23 15:52:43');
INSERT INTO ORDER_LINE(order_line_id, order_id, item_id, quantity, line_amount, status_id, cart_line_id, create_user, create_date, update_user, update_date) VALUES(12,5,60,1,1300,3400,12,'jorge.gonzalez','2014-10-18 22:51:13','jorge.gonzalez','2014-10-23 15:52:43');
INSERT INTO ORDER_LINE(order_line_id, order_id, item_id, quantity, line_amount, status_id, cart_line_id, create_user, create_date, update_user, update_date) VALUES(13,6,49,2,1800,3400,13,'jorge.gonzalez','2014-10-22 06:51:47','jorge.gonzalez','2014-10-25 06:51:44');
INSERT INTO ORDER_LINE(order_line_id, order_id, item_id, quantity, line_amount, status_id, cart_line_id, create_user, create_date, update_user, update_date) VALUES(14,7,44,3,2250,3300,14,'jorge.gonzalez','2014-10-22 16:37:23','jorge.gonzalez','2014-10-26 11:59:15');
INSERT INTO ORDER_LINE(order_line_id, order_id, item_id, quantity, line_amount, status_id, cart_line_id, create_user, create_date, update_user, update_date) VALUES(15,7,27,1,6100,3300,15,'jorge.gonzalez','2014-10-22 16:37:23','jorge.gonzalez','2014-10-26 11:59:15');
INSERT INTO ORDER_LINE(order_line_id, order_id, item_id, quantity, line_amount, status_id, cart_line_id, create_user, create_date, update_user, update_date) VALUES(16,8,10,2,500,3300,16,'jorge.gonzalez','2014-10-23 17:32:24','jorge.gonzalez','2014-10-25 02:33:20');
INSERT INTO ORDER_LINE(order_line_id, order_id, item_id, quantity, line_amount, status_id, cart_line_id, create_user, create_date, update_user, update_date) VALUES(17,9,26,1,65400,3400,17,'jorge.gonzalez','2014-10-29 03:30:58','jorge.gonzalez','2014-10-31 03:30:56');
INSERT INTO ORDER_LINE(order_line_id, order_id, item_id, quantity, line_amount, status_id, cart_line_id, create_user, create_date, update_user, update_date) VALUES(18,10,12,2,2414,3300,18,'jorge.gonzalez','2014-11-02 18:30:33','jorge.gonzalez','2014-11-04 03:31:29');
INSERT INTO ORDER_LINE(order_line_id, order_id, item_id, quantity, line_amount, status_id, cart_line_id, create_user, create_date, update_user, update_date) VALUES(19,10,76,2,1300,3400,19,'jorge.gonzalez','2014-11-02 18:30:33','jorge.gonzalez','2014-11-04 03:31:29');
INSERT INTO ORDER_LINE(order_line_id, order_id, item_id, quantity, line_amount, status_id, cart_line_id, create_user, create_date, update_user, update_date) VALUES(20,11,52,1,1950,3400,20,'jorge.gonzalez','2014-11-14 06:42:25','jorge.gonzalez','2014-11-18 06:42:21');
INSERT INTO ORDER_LINE(order_line_id, order_id, item_id, quantity, line_amount, status_id, cart_line_id, create_user, create_date, update_user, update_date) VALUES(21,12,40,1,735,3300,21,'jorge.gonzalez','2014-11-30 04:43:23','jorge.gonzalez','2014-12-01 13:44:19');
INSERT INTO ORDER_LINE(order_line_id, order_id, item_id, quantity, line_amount, status_id, cart_line_id, create_user, create_date, update_user, update_date) VALUES(22,12,2,1,5400,3300,22,'jorge.gonzalez','2014-11-30 04:43:23','jorge.gonzalez','2014-12-01 13:44:19');
INSERT INTO ORDER_LINE(order_line_id, order_id, item_id, quantity, line_amount, status_id, cart_line_id, create_user, create_date, update_user, update_date) VALUES(23,12,61,3,7200,3300,23,'jorge.gonzalez','2014-11-30 04:43:23','jorge.gonzalez','2014-12-01 13:44:19');
INSERT INTO ORDER_LINE(order_line_id, order_id, item_id, quantity, line_amount, status_id, cart_line_id, create_user, create_date, update_user, update_date) VALUES(24,13,44,1,750,3300,24,'jorge.gonzalez','2014-12-01 20:43:36','jorge.gonzalez','2014-12-02 13:14:04');
INSERT INTO ORDER_LINE(order_line_id, order_id, item_id, quantity, line_amount, status_id, cart_line_id, create_user, create_date, update_user, update_date) VALUES(25,13,65,1,250,3300,25,'jorge.gonzalez','2014-12-01 20:43:36','jorge.gonzalez','2014-12-02 13:14:04');
INSERT INTO ORDER_LINE(order_line_id, order_id, item_id, quantity, line_amount, status_id, cart_line_id, create_user, create_date, update_user, update_date) VALUES(26,13,54,2,3460,3300,26,'jorge.gonzalez','2014-12-01 20:43:36','jorge.gonzalez','2014-12-02 13:14:04');
INSERT INTO ORDER_LINE(order_line_id, order_id, item_id, quantity, line_amount, status_id, cart_line_id, create_user, create_date, update_user, update_date) VALUES(27,13,21,2,11000,3300,27,'jorge.gonzalez','2014-12-01 20:43:36','jorge.gonzalez','2014-12-02 13:14:04');
INSERT INTO ORDER_LINE(order_line_id, order_id, item_id, quantity, line_amount, status_id, cart_line_id, create_user, create_date, update_user, update_date) VALUES(28,13,5,1,21500,3400,28,'jorge.gonzalez','2014-12-01 20:43:36','jorge.gonzalez','2014-12-02 13:14:04');
INSERT INTO ORDER_LINE(order_line_id, order_id, item_id, quantity, line_amount, status_id, cart_line_id, create_user, create_date, update_user, update_date) VALUES(29,14,24,5,2700,3300,29,'jorge.gonzalez','2014-12-17 10:35:23','jorge.gonzalez','2014-12-21 05:57:15');
INSERT INTO ORDER_LINE(order_line_id, order_id, item_id, quantity, line_amount, status_id, cart_line_id, create_user, create_date, update_user, update_date) VALUES(30,15,39,3,1950,3300,30,'jorge.gonzalez','2014-12-23 14:44:09','jorge.gonzalez','2014-12-24 23:45:05');
INSERT INTO ORDER_LINE(order_line_id, order_id, item_id, quantity, line_amount, status_id, cart_line_id, create_user, create_date, update_user, update_date) VALUES(31,15,57,2,17000,3400,31,'jorge.gonzalez','2014-12-23 14:44:09','jorge.gonzalez','2014-12-24 23:45:05');
INSERT INTO ORDER_LINE(order_line_id, order_id, item_id, quantity, line_amount, status_id, cart_line_id, create_user, create_date, update_user, update_date) VALUES(32,16,64,1,800,3300,32,'jorge.gonzalez','2015-01-04 00:24:53','jorge.gonzalez','2015-01-05 09:25:49');
INSERT INTO ORDER_LINE(order_line_id, order_id, item_id, quantity, line_amount, status_id, cart_line_id, create_user, create_date, update_user, update_date) VALUES(33,17,46,2,700,3300,33,'jorge.gonzalez','2015-01-07 14:35:25','jorge.gonzalez','2015-01-08 23:36:21');
INSERT INTO ORDER_LINE(order_line_id, order_id, item_id, quantity, line_amount, status_id, cart_line_id, create_user, create_date, update_user, update_date) VALUES(34,17,61,3,7200,3300,34,'jorge.gonzalez','2015-01-07 14:35:25','jorge.gonzalez','2015-01-08 23:36:21');
INSERT INTO ORDER_LINE(order_line_id, order_id, item_id, quantity, line_amount, status_id, cart_line_id, create_user, create_date, update_user, update_date) VALUES(35,18,21,1,5500,3300,35,'jorge.gonzalez','2015-01-12 22:24:58','jorge.gonzalez','2015-01-13 14:55:26');
INSERT INTO ORDER_LINE(order_line_id, order_id, item_id, quantity, line_amount, status_id, cart_line_id, create_user, create_date, update_user, update_date) VALUES(36,18,27,1,6100,3300,36,'jorge.gonzalez','2015-01-12 22:24:58','jorge.gonzalez','2015-01-13 14:55:26');
INSERT INTO ORDER_LINE(order_line_id, order_id, item_id, quantity, line_amount, status_id, cart_line_id, create_user, create_date, update_user, update_date) VALUES(37,18,9,2,500,3400,37,'jorge.gonzalez','2015-01-12 22:24:58','jorge.gonzalez','2015-01-13 14:55:26');
INSERT INTO ORDER_LINE(order_line_id, order_id, item_id, quantity, line_amount, status_id, cart_line_id, create_user, create_date, update_user, update_date) VALUES(38,19,45,8,12000,3300,38,'jorge.gonzalez','2015-01-26 04:47:23','jorge.gonzalez','2015-01-28 06:18:47');
INSERT INTO ORDER_LINE(order_line_id, order_id, item_id, quantity, line_amount, status_id, cart_line_id, create_user, create_date, update_user, update_date) VALUES(39,20,52,2,3900,3400,39,'jorge.gonzalez','2015-02-12 15:51:36','jorge.gonzalez','2015-02-15 15:51:33');
INSERT INTO ORDER_LINE(order_line_id, order_id, item_id, quantity, line_amount, status_id, cart_line_id, create_user, create_date, update_user, update_date) VALUES(40,20,80,1,1000,3400,40,'jorge.gonzalez','2015-02-12 15:51:36','jorge.gonzalez','2015-02-15 15:51:33');
INSERT INTO ORDER_LINE(order_line_id, order_id, item_id, quantity, line_amount, status_id, cart_line_id, create_user, create_date, update_user, update_date) VALUES(41,21,67,2,1660,3300,41,'jorge.gonzalez','2015-02-27 21:14:53','jorge.gonzalez','2015-02-28 13:45:21');
INSERT INTO ORDER_LINE(order_line_id, order_id, item_id, quantity, line_amount, status_id, cart_line_id, create_user, create_date, update_user, update_date) VALUES(42,21,46,2,700,3300,42,'jorge.gonzalez','2015-02-27 21:14:53','jorge.gonzalez','2015-02-28 13:45:21');
INSERT INTO ORDER_LINE(order_line_id, order_id, item_id, quantity, line_amount, status_id, cart_line_id, create_user, create_date, update_user, update_date) VALUES(43,21,28,1,6000,3400,43,'jorge.gonzalez','2015-02-27 21:14:53','jorge.gonzalez','2015-02-28 13:45:21');
INSERT INTO ORDER_LINE(order_line_id, order_id, item_id, quantity, line_amount, status_id, cart_line_id, create_user, create_date, update_user, update_date) VALUES(44,22,34,1,32500,3300,44,'jorge.gonzalez','2015-03-02 05:21:25','jorge.gonzalez','2015-03-06 00:43:17');
INSERT INTO ORDER_LINE(order_line_id, order_id, item_id, quantity, line_amount, status_id, cart_line_id, create_user, create_date, update_user, update_date) VALUES(45,23,37,1,600,3100,45,'jorge.gonzalez','2015-03-12 12:32:29','jorge.gonzalez','2015-03-12 12:32:29');
INSERT INTO ORDER_LINE(order_line_id, order_id, item_id, quantity, line_amount, status_id, cart_line_id, create_user, create_date, update_user, update_date) VALUES(46,23,57,1,8500,3100,46,'jorge.gonzalez','2015-03-12 12:32:29','jorge.gonzalez','2015-03-12 12:32:29');
INSERT INTO ORDER_LINE(order_line_id, order_id, item_id, quantity, line_amount, status_id, cart_line_id, create_user, create_date, update_user, update_date) VALUES(47,24,72,1,3650,3300,47,'jorge.gonzalez','2015-03-19 20:46:58','jorge.gonzalez','2015-03-20 13:17:26');
INSERT INTO ORDER_LINE(order_line_id, order_id, item_id, quantity, line_amount, status_id, cart_line_id, create_user, create_date, update_user, update_date) VALUES(48,25,39,2,1300,3100,48,'jorge.gonzalez','2015-04-12 13:33:53','jorge.gonzalez','2015-04-12 13:33:53');
INSERT INTO ORDER_LINE(order_line_id, order_id, item_id, quantity, line_amount, status_id, cart_line_id, create_user, create_date, update_user, update_date) VALUES(49,26,46,1,350,3400,49,'jorge.gonzalez','2015-04-28 17:18:25','jorge.gonzalez','2015-04-30 17:18:23');
INSERT INTO ORDER_LINE(order_line_id, order_id, item_id, quantity, line_amount, status_id, cart_line_id, create_user, create_date, update_user, update_date) VALUES(50,26,66,1,24500,3400,50,'jorge.gonzalez','2015-04-28 17:18:25','jorge.gonzalez','2015-04-30 17:18:23');
INSERT INTO ORDER_LINE(order_line_id, order_id, item_id, quantity, line_amount, status_id, cart_line_id, create_user, create_date, update_user, update_date) VALUES(51,27,71,5,7000,3300,51,'jorge.gonzalez','2015-05-02 21:21:40','jorge.gonzalez','2015-05-06 16:43:32');
INSERT INTO ORDER_LINE(order_line_id, order_id, item_id, quantity, line_amount, status_id, cart_line_id, create_user, create_date, update_user, update_date) VALUES(52,28,63,4,200,3100,52,'jorge.gonzalez','2015-05-27 03:34:09','jorge.gonzalez','2015-05-27 03:34:09');
INSERT INTO ORDER_LINE(order_line_id, order_id, item_id, quantity, line_amount, status_id, cart_line_id, create_user, create_date, update_user, update_date) VALUES(53,28,66,1,24500,3100,53,'jorge.gonzalez','2015-05-27 03:34:09','jorge.gonzalez','2015-05-27 03:34:09');
INSERT INTO ORDER_LINE(order_line_id, order_id, item_id, quantity, line_amount, status_id, cart_line_id, create_user, create_date, update_user, update_date) VALUES(54,28,27,1,6100,3100,54,'jorge.gonzalez','2015-05-27 03:34:09','jorge.gonzalez','2015-05-27 03:34:09');
INSERT INTO ORDER_LINE(order_line_id, order_id, item_id, quantity, line_amount, status_id, cart_line_id, create_user, create_date, update_user, update_date) VALUES(55,28,49,1,900,3100,55,'jorge.gonzalez','2015-05-27 03:34:09','jorge.gonzalez','2015-05-27 03:34:09');
INSERT INTO ORDER_LINE(order_line_id, order_id, item_id, quantity, line_amount, status_id, cart_line_id, create_user, create_date, update_user, update_date) VALUES(56,28,55,2,840,3100,56,'jorge.gonzalez','2015-05-27 03:34:09','jorge.gonzalez','2015-05-27 03:34:09');
INSERT INTO ORDER_LINE(order_line_id, order_id, item_id, quantity, line_amount, status_id, cart_line_id, create_user, create_date, update_user, update_date) VALUES(57,28,22,1,9200,3100,57,'jorge.gonzalez','2015-05-27 03:34:09','jorge.gonzalez','2015-05-27 03:34:09');
INSERT INTO ORDER_LINE(order_line_id, order_id, item_id, quantity, line_amount, status_id, cart_line_id, create_user, create_date, update_user, update_date) VALUES(58,29,8,1,1200,3300,58,'jorge.gonzalez','2015-06-25 16:24:43','jorge.gonzalez','2015-06-27 17:56:07');
INSERT INTO ORDER_LINE(order_line_id, order_id, item_id, quantity, line_amount, status_id, cart_line_id, create_user, create_date, update_user, update_date) VALUES(59,29,40,1,735,3300,59,'jorge.gonzalez','2015-06-25 16:24:43','jorge.gonzalez','2015-06-27 17:56:07');
INSERT INTO ORDER_LINE(order_line_id, order_id, item_id, quantity, line_amount, status_id, cart_line_id, create_user, create_date, update_user, update_date) VALUES(60,30,20,1,230,3100,61,'jorge.gonzalez','2015-07-19 19:36:18','jorge.gonzalez','2015-07-19 19:36:18');